year,Beat,priority,avg_response_time
2009,99,1,6.487857142857144
2009,99,2,21.7625641025641
2009,99,3 & 4,22.315624999999997
2009,99,5+,15.29375
2009,B1,1,9.936646706586826
2009,B1,2,16.06661721068249
2009,B1,3 & 4,22.882918719211826
2009,B1,5+,23.656842105263152
2009,B2,1,10.415544303797464
2009,B2,2,16.45213154689403
2009,B2,3 & 4,23.120668756530822
2009,B2,5+,21.825681818181813
2009,B3,1,8.99495114006514
2009,B3,2,14.376596091205213
2009,B3,3 & 4,23.79063613231553
2009,B3,5+,21.385495049504964
2009,C1,1,7.063612565445027
2009,C1,2,11.25094736842105
2009,C1,3 & 4,20.154618902439
2009,C1,5+,23.25834586466166
2009,C2,1,7.472628571428573
2009,C2,2,13.128860398860406
2009,C2,3 & 4,21.657237479806135
2009,C2,5+,22.688787878787885
2009,C3,1,6.867456896551722
2009,C3,2,12.12517117117117
2009,C3,3 & 4,20.648892988929884
2009,C3,5+,20.55119565217391
2009,CDD,2,30.77
2009,CDD,3 & 4,10.67
2009,COMM,5+,11.84
2009,D1,1,7.809075829383886
2009,D1,2,13.951162540365987
2009,D1,3 & 4,21.175629921259887
2009,D1,5+,22.331818181818175
2009,D2,1,7.10383561643836
2009,D2,2,12.576341085271318
2009,D2,3 & 4,20.897088068181805
2009,D2,5+,21.486932270916306
2009,D3,1,8.388901098901098
2009,D3,2,13.900756972111541
2009,D3,3 & 4,20.638138801261835
2009,D3,5+,22.137405405405403
2009,E,2,32.71142857142858
2009,E,3 & 4,49.93
2009,E1,1,6.251714285714285
2009,E1,2,10.773791946308732
2009,E1,3 & 4,19.55956803455725
2009,E1,5+,21.245233644859805
2009,E2,1,4.9136086956521705
2009,E2,2,11.410898305084753
2009,E2,3 & 4,17.83884559884558
2009,E2,5+,22.059016393442633
2009,E3,1,7.548990825688081
2009,E3,2,13.37511661807581
2009,E3,3 & 4,21.059612518628928
2009,E3,5+,19.757754237288133
2009,F1,1,8.624
2009,F1,2,15.065055292259082
2009,F1,3 & 4,22.465060422960732
2009,F1,5+,20.951929824561404
2009,F2,1,8.721153846153847
2009,F2,2,13.062668213457073
2009,F2,3 & 4,20.436881091617938
2009,F2,5+,22.221323529411762
2009,F3,1,9.450608974358975
2009,F3,2,15.829043824701195
2009,F3,3 & 4,22.650357751277692
2009,F3,5+,23.80410714285714
2009,G1,1,6.829821428571431
2009,G1,2,12.62144254278728
2009,G1,3 & 4,20.045346358792195
2009,G1,5+,18.353243243243234
2009,G2,1,6.63980056980057
2009,G2,2,12.286759410801972
2009,G2,3 & 4,19.495361653272088
2009,G2,5+,20.963473684210527
2009,G3,1,7.5103750000000025
2009,G3,2,12.689433551198267
2009,G3,3 & 4,19.256735751295356
2009,G3,5+,19.60189189189189
2009,HS,1,15.08
2009,INV,1,7.206666666666666
2009,INV,2,30.43375
2009,INV,3 & 4,23.393333333333334
2009,INV,5+,10.95
2009,J1,1,8.708020833333338
2009,J1,2,15.840257826887655
2009,J1,3 & 4,22.823711180124224
2009,J1,5+,23.130465116279062
2009,J2,1,11.11536585365854
2009,J2,2,15.757916666666675
2009,J2,3 & 4,24.51184767277857
2009,J2,5+,22.880375000000015
2009,J3,1,9.364513618677046
2009,J3,2,15.518647342995187
2009,J3,3 & 4,23.97623310810808
2009,J3,5+,23.173496240601498
2009,K1,1,7.545789473684212
2009,K1,2,14.30362017804154
2009,K1,3 & 4,21.836157635467995
2009,K1,5+,24.05821052631578
2009,K2,1,7.6316550116550195
2009,K2,2,13.698454935622324
2009,K2,3 & 4,21.012646566164157
2009,K2,5+,21.53806949806949
2009,K3,1,6.848087167070215
2009,K3,2,14.261473565804272
2009,K3,3 & 4,18.82469565217393
2009,K3,5+,22.14373831775701
2009,L1,1,9.115059880239528
2009,L1,2,13.864557926829285
2009,L1,3 & 4,21.09779639175256
2009,L1,5+,25.237849462365592
2009,L2,1,8.749295302013426
2009,L2,2,13.752727272727284
2009,L2,3 & 4,21.391084337349398
2009,L2,5+,23.250419161676632
2009,L3,1,7.482318339100343
2009,L3,2,13.793237288135591
2009,L3,3 & 4,20.319447174447173
2009,L3,5+,24.126796875
2009,M1,1,8.099144736842097
2009,M1,2,15.24380357142859
2009,M1,3 & 4,21.8004964539007
2009,M1,5+,21.03130718954248
2009,M2,1,7.88559322033898
2009,M2,2,14.119005059021932
2009,M2,3 & 4,20.521284916201104
2009,M2,5+,20.24851063829788
2009,M3,1,6.573827586206896
2009,M3,2,13.366941747572808
2009,M3,3 & 4,19.426614481408983
2009,M3,5+,21.326714285714292
2009,N,1,10.043333333333335
2009,N,2,32.95
2009,N,3 & 4,20.33
2009,N,5+,29.13
2009,N1,1,11.302274678111583
2009,N1,2,16.341503579952278
2009,N1,3 & 4,26.272758037225064
2009,N1,5+,22.557018633540363
2009,N2,1,9.380182481751824
2009,N2,2,15.875864406779677
2009,N2,3 & 4,24.182857142857163
2009,N2,5+,17.87048192771084
2009,N3,1,8.608446601941749
2009,N3,2,14.272105263157894
2009,N3,3 & 4,22.684194857916115
2009,N3,5+,23.18820754716982
2009,O1,1,9.45116129032258
2009,O1,2,15.849162303664938
2009,O1,3 & 4,21.850375000000014
2009,O1,5+,21.809919354838712
2009,O2,1,9.12358778625954
2009,O2,2,15.555521628498731
2009,O2,3 & 4,19.80790560471975
2009,O2,5+,26.402926829268292
2009,O3,1,8.846058823529413
2009,O3,2,14.56613832853027
2009,O3,3 & 4,20.095623471882647
2009,O3,5+,17.97925
2009,Q1,1,10.93603448275862
2009,Q1,2,13.207928176795578
2009,Q1,3 & 4,21.663083573487025
2009,Q1,5+,23.99623287671232
2009,Q2,1,9.707132075471701
2009,Q2,2,13.17180672268908
2009,Q2,3 & 4,22.5893179538616
2009,Q2,5+,22.702009803921566
2009,Q3,1,8.019610389610392
2009,Q3,2,11.861661721068247
2009,Q3,3 & 4,20.41561497326204
2009,Q3,5+,20.961317567567555
2009,R1,1,8.755976744186043
2009,R1,2,13.84786982248521
2009,R1,3 & 4,21.795435684647305
2009,R1,5+,21.80496774193547
2009,R2,1,10.149327956989247
2009,R2,2,14.394247787610619
2009,R2,3 & 4,21.463937106918245
2009,R2,5+,21.346666666666675
2009,R3,1,8.009069212410491
2009,R3,2,13.917175368139228
2009,R3,3 & 4,21.417015706806268
2009,R3,5+,20.384112903225805
2009,S,1,24.01
2009,S,2,30.383333333333336
2009,S,3 & 4,37.30428571428571
2009,S1,1,9.081439024390244
2009,S1,2,14.167713248638844
2009,S1,3 & 4,21.766785714285714
2009,S1,5+,21.48465909090909
2009,S2,1,6.66350515463917
2009,S2,2,12.37558461538461
2009,S2,3 & 4,21.235100942126504
2009,S2,5+,23.993882352941178
2009,S3,1,9.111602067183464
2009,S3,2,13.240815384615368
2009,S3,3 & 4,21.66052197802195
2009,S3,5+,18.576486486486488
2009,SS,3 & 4,22.27
2009,TDD,5+,14.63
2009,U1,1,7.36191428571428
2009,U1,2,12.14918393782383
2009,U1,3 & 4,19.947637669592975
2009,U1,5+,22.500093896713608
2009,U2,1,7.0624671052631545
2009,U2,2,12.207616892911021
2009,U2,3 & 4,20.764969097651427
2009,U2,5+,20.322602739726012
2009,U3,1,10.196779661016945
2009,U3,2,15.34191287878787
2009,U3,3 & 4,22.987911065149945
2009,U3,5+,21.737859922179
2009,W1,1,9.792052980132453
2009,W1,2,15.098676207513398
2009,W1,3 & 4,23.008450899031804
2009,W1,5+,21.66648854961832
2009,W2,1,9.23635738831615
2009,W2,2,13.330496453900716
2009,W2,3 & 4,21.86701434159061
2009,W2,5+,24.309328358208955
2009,W3,1,8.958870431893693
2009,W3,2,13.44224742268041
2009,W3,3 & 4,23.66397653194265
2009,W3,5+,22.027674418604654
2010,99,1,7.29102564102564
2010,99,2,19.00228571428571
2010,99,3 & 4,25.370000000000008
2010,99,5+,5.275
2010,B1,1,10.40450184501845
2010,B1,2,15.575165114309923
2010,B1,3 & 4,22.611498305084744
2010,B1,5+,16.651287878787887
2010,B2,1,9.205008726003483
2010,B2,2,14.436499282639899
2010,B2,3 & 4,22.513210104744275
2010,B2,5+,17.486329479768774
2010,B3,1,9.462788844621508
2010,B3,2,14.838330039525692
2010,B3,3 & 4,21.28131598513014
2010,B3,5+,16.918657534246577
2010,C1,1,6.995722070844687
2010,C1,2,10.366415362731153
2010,C1,3 & 4,19.149343664539654
2010,C1,5+,17.395277777777785
2010,C2,1,7.376419753086414
2010,C2,2,13.364022617124382
2010,C2,3 & 4,19.496257035647275
2010,C2,5+,20.80924369747899
2010,C3,1,6.2901603206412755
2010,C3,2,11.465430327868845
2010,C3,3 & 4,19.735192901234598
2010,C3,5+,18.805392156862744
2010,CC,3 & 4,1.07
2010,CDD,1,12.06
2010,CDD,2,18.22666666666667
2010,CDD,5+,41.35
2010,COMM,5+,26.433333333333334
2010,D1,1,6.844886515353807
2010,D1,2,13.099827008928585
2010,D1,3 & 4,20.820108621860157
2010,D1,5+,18.16295404814005
2010,D2,1,6.513893805309741
2010,D2,2,11.79616721854306
2010,D2,3 & 4,19.715685589519623
2010,D2,5+,18.93320512820514
2010,D3,1,7.883361204013372
2010,D3,2,12.326365441906663
2010,D3,3 & 4,19.951999999999988
2010,D3,5+,19.513636363636365
2010,E,2,36.80818181818182
2010,E,3 & 4,32.691818181818185
2010,E1,1,5.685428571428569
2010,E1,2,10.59497011101621
2010,E1,3 & 4,18.66806081081083
2010,E1,5+,17.893694029850742
2010,E2,1,5.069736842105262
2010,E2,2,9.465748239436616
2010,E2,3 & 4,16.409182509505722
2010,E2,5+,19.399333333333324
2010,E3,1,7.354991394148017
2010,E3,2,11.894399677679278
2010,E3,3 & 4,19.639849424269276
2010,E3,5+,19.23223837209305
2010,ED,2,20.72
2010,F1,1,7.98939440993789
2010,F1,2,12.605936967632026
2010,F1,3 & 4,21.209767641996557
2010,F1,5+,17.220522388059702
2010,F2,1,6.9196688741721815
2010,F2,2,12.104987623762375
2010,F2,3 & 4,18.2038063063063
2010,F2,5+,17.345321100917438
2010,F3,1,8.728897338403046
2010,F3,2,14.009227323628217
2010,F3,3 & 4,22.19969181721571
2010,F3,5+,17.96336538461539
2010,G1,1,6.327609756097564
2010,G1,2,11.257735042735048
2010,G1,3 & 4,19.741670984455975
2010,G1,5+,18.465000000000007
2010,G2,1,5.899982758620691
2010,G2,2,10.210264830508462
2010,G2,3 & 4,18.36241621200311
2010,G2,5+,17.457865853658536
2010,G3,1,7.088885941644566
2010,G3,2,11.280945083014055
2010,G3,3 & 4,17.974687168610814
2010,G3,5+,17.815083333333334
2010,H3,1,11.85
2010,INV,1,27.2
2010,INV,2,27.24875
2010,INV,3 & 4,21.056
2010,INV,5+,22.27111111111111
2010,J1,1,8.541249999999994
2010,J1,2,14.224111874386654
2010,J1,3 & 4,22.24033550792171
2010,J1,5+,18.247978142076498
2010,J2,1,9.860130890052357
2010,J2,2,14.31080769230769
2010,J2,3 & 4,21.46608040201003
2010,J2,5+,17.75109649122808
2010,J3,1,8.62137305699481
2010,J3,2,14.104140845070425
2010,J3,3 & 4,22.708930481283417
2010,J3,5+,20.25254641909814
2010,K1,1,7.659381270903003
2010,K1,2,12.013473491773315
2010,K1,3 & 4,19.691770933589986
2010,K1,5+,18.66075601374569
2010,K2,1,6.58591549295774
2010,K2,2,11.175201834862378
2010,K2,3 & 4,18.21148664343787
2010,K2,5+,17.16390134529148
2010,K3,1,6.151809256661991
2010,K3,2,11.30586009174311
2010,K3,3 & 4,17.482948028673828
2010,K3,5+,17.672014388489202
2010,L1,1,7.529568000000002
2010,L1,2,13.267731958762878
2010,L1,3 & 4,20.819085470085486
2010,L1,5+,17.667958115183247
2010,L2,1,7.8292543021032515
2010,L2,2,13.188883847549903
2010,L2,3 & 4,20.376659021406713
2010,L2,5+,19.48356890459365
2010,L3,1,8.079049586776865
2010,L3,2,12.748433734939766
2010,L3,3 & 4,20.89075131480089
2010,L3,5+,18.535245098039223
2010,M1,1,7.43911877394636
2010,M1,2,13.29399821109124
2010,M1,3 & 4,21.19479757085024
2010,M1,5+,18.34514084507042
2010,M2,1,7.055790513833995
2010,M2,2,12.77610486891384
2010,M2,3 & 4,19.14885225885224
2010,M2,5+,19.102888888888884
2010,M3,1,7.124389312977105
2010,M3,2,11.607965065502178
2010,M3,3 & 4,18.61142196531792
2010,M3,5+,17.964047619047626
2010,N,1,37.63
2010,N,2,27.6
2010,N,3 & 4,38.82333333333333
2010,N,5+,20.48
2010,N1,1,9.01705996131528
2010,N1,2,15.470939357907238
2010,N1,3 & 4,21.704124513618694
2010,N1,5+,18.311862745098036
2010,N2,1,8.957339999999995
2010,N2,2,14.138180987202926
2010,N2,3 & 4,22.762088122605366
2010,N2,5+,21.430120481927712
2010,N3,1,6.883926701570677
2010,N3,2,13.334208185053399
2010,N3,3 & 4,20.490595813204532
2010,N3,5+,16.003548387096767
2010,O1,1,7.80839721254355
2010,O1,2,14.061560468140456
2010,O1,3 & 4,20.12538028169013
2010,O1,5+,17.53181818181819
2010,O2,1,8.539018181818186
2010,O2,2,14.294059139784938
2010,O2,3 & 4,21.25558178752105
2010,O2,5+,18.59203125
2010,O3,1,7.843797468354421
2010,O3,2,13.530946843853839
2010,O3,3 & 4,20.02093055555557
2010,O3,5+,17.239620253164567
2010,Q1,1,9.048296296296297
2010,Q1,2,13.21370588235294
2010,Q1,3 & 4,19.969768439108037
2010,Q1,5+,17.463955555555543
2010,Q2,1,7.905630252100835
2010,Q2,2,12.848055555555561
2010,Q2,3 & 4,22.04557038025348
2010,Q2,5+,17.423408360128626
2010,Q3,1,7.068748043818463
2010,Q3,2,11.523664495114016
2010,Q3,3 & 4,18.84386012104909
2010,Q3,5+,17.60306954436451
2010,R1,1,8.508328124999986
2010,R1,2,13.7946857142857
2010,R1,3 & 4,21.408257627118665
2010,R1,5+,17.58436936936937
2010,R2,1,8.662094801223246
2010,R2,2,13.661515892420523
2010,R2,3 & 4,20.00717602996254
2010,R2,5+,19.400236966824636
2010,R3,1,7.509301994301997
2010,R3,2,12.834139100932981
2010,R3,3 & 4,21.228831258644533
2010,R3,5+,17.536974789915963
2010,S,1,24.963333333333335
2010,S,2,32.99571428571429
2010,S,3 & 4,32.647777777777776
2010,S,5+,1.78
2010,S1,1,7.728960328317367
2010,S1,2,14.027532228360961
2010,S1,3 & 4,21.58982719759577
2010,S1,5+,18.116133333333345
2010,S2,1,6.654289544235924
2010,S2,2,12.939547101449284
2010,S2,3 & 4,20.579948717948714
2010,S2,5+,17.306776859504133
2010,S3,1,7.7868028169014085
2010,S3,2,14.015525328330218
2010,S3,3 & 4,22.601110204081575
2010,S3,5+,16.6859649122807
2010,SS,2,24.53
2010,TQ,5+,37.53
2010,U1,1,7.040399408284029
2010,U1,2,10.96939183987681
2010,U1,3 & 4,19.15307162534437
2010,U1,5+,18.438695652173905
2010,U2,1,6.727357001972385
2010,U2,2,11.488927701056065
2010,U2,3 & 4,18.816075768406034
2010,U2,5+,16.691451612903222
2010,U3,1,10.33127376425856
2010,U3,2,14.905598290598267
2010,U3,3 & 4,22.586127239036426
2010,U3,5+,18.821027568922286
2010,W,2,9.075
2010,W,5+,10.17
2010,W1,1,9.725008726003495
2010,W1,2,13.693310276679833
2010,W1,3 & 4,21.16719142645971
2010,W1,5+,17.682808510638285
2010,W2,1,7.898495238095235
2010,W2,2,12.570240722166501
2010,W2,3 & 4,19.795470149253706
2010,W2,5+,17.046283185840718
2010,W3,1,8.364044117647055
2010,W3,2,13.093496115427316
2010,W3,3 & 4,21.317061973986227
2010,W3,5+,17.960541666666668
2011,99,1,9.346000000000002
2011,99,2,24.659999999999993
2011,99,3 & 4,26.760238095238098
2011,99,5+,21.705
2011,B1,1,11.49956896551724
2011,B1,2,16.747663734115346
2011,B1,3 & 4,23.721397306397265
2011,B1,5+,20.895866666666656
2011,B2,1,9.28424556213018
2011,B2,2,15.374340659340659
2011,B2,3 & 4,22.170130584192474
2011,B2,5+,22.207103825136617
2011,B3,1,9.998232142857153
2011,B3,2,14.008307533539744
2011,B3,3 & 4,22.932248062015507
2011,B3,5+,21.180913978494623
2011,C1,1,7.623060240963857
2011,C1,2,11.986174698795184
2011,C1,3 & 4,19.806585594013136
2011,C1,5+,19.01161016949153
2011,C2,1,8.168845208845207
2011,C2,2,14.095038051750393
2011,C2,3 & 4,20.627787787787806
2011,C2,5+,17.979906542056074
2011,C3,1,7.4128924162257475
2011,C3,2,12.345226244343893
2011,C3,3 & 4,19.570800898203622
2011,C3,5+,19.507622950819687
2011,CC,5+,45.07
2011,CCD,3 & 4,19.62
2011,CDD,1,17.37
2011,CDD,2,26.189999999999998
2011,CDD,3 & 4,15.58
2011,CTY,5+,1.83
2011,D1,1,7.234714434060226
2011,D1,2,12.489667194928675
2011,D1,3 & 4,20.075839064649216
2011,D1,5+,18.992749999999994
2011,D2,1,7.414196141479094
2011,D2,2,11.819990662931831
2011,D2,3 & 4,20.053842794759856
2011,D2,5+,20.747219251336883
2011,D3,1,7.628869701726851
2011,D3,2,12.631915285451178
2011,D3,3 & 4,20.49065420560748
2011,D3,5+,19.669935483870972
2011,DET,2,15.68
2011,E,1,15.33
2011,E,2,35.58846153846154
2011,E,3 & 4,41.18
2011,E1,1,6.15736672051696
2011,E1,2,11.40468952734014
2011,E1,3 & 4,18.79938712179986
2011,E1,5+,20.4356603773585
2011,E2,1,4.725647840531565
2011,E2,2,10.527734187349871
2011,E2,3 & 4,17.08866340668298
2011,E2,5+,18.826303030303023
2011,E3,1,7.596657963446472
2011,E3,2,12.012901234567897
2011,E3,3 & 4,19.3643025362319
2011,E3,5+,19.717692307692303
2011,F1,1,8.475305389221559
2011,F1,2,13.852512218963835
2011,F1,3 & 4,21.337300252312858
2011,F1,5+,19.78685714285714
2011,F2,1,7.5919967793880785
2011,F2,2,12.568845671267246
2011,F2,3 & 4,18.935133037693994
2011,F2,5+,20.456399999999995
2011,F3,1,9.449852150537634
2011,F3,2,14.34500594530319
2011,F3,3 & 4,21.99449740932643
2011,F3,5+,21.318285714285718
2011,G1,1,6.750238568588464
2011,G1,2,11.966325925925927
2011,G1,3 & 4,19.978701622971307
2011,G1,5+,20.502037037037034
2011,G2,1,6.272139973082096
2011,G2,2,11.258900675024112
2011,G2,3 & 4,17.88674887892377
2011,G2,5+,20.803627450980393
2011,G3,1,7.618792372881356
2011,G3,2,12.3532241153342
2011,G3,3 & 4,18.748808743169405
2011,G3,5+,22.36318181818181
2011,H2,1,13.8
2011,HBR,1,15.68
2011,INV,1,17.03
2011,INV,2,45.68333333333333
2011,INV,3 & 4,38.697500000000005
2011,INV,5+,3.5249999999999995
2011,J1,1,9.526787658802174
2011,J1,2,15.204018161180477
2011,J1,3 & 4,23.462052752293562
2011,J1,5+,18.283428571428576
2011,J2,1,9.904846153846146
2011,J2,2,16.960789115646264
2011,J2,3 & 4,24.397294900221706
2011,J2,5+,19.78110236220473
2011,J3,1,9.899698189134797
2011,J3,2,15.046225680933851
2011,J3,3 & 4,23.51441494591939
2011,J3,5+,21.19125
2011,K1,1,7.394747320061259
2011,K1,2,12.859914163090135
2011,K1,3 & 4,19.22127502634355
2011,K1,5+,21.742099447513816
2011,K2,1,6.856503496503497
2011,K2,2,12.062605192479852
2011,K2,3 & 4,18.207134502923967
2011,K2,5+,20.359236641221372
2011,K3,1,5.985815028901737
2011,K3,2,11.7442298136646
2011,K3,3 & 4,17.649048034934477
2011,K3,5+,20.408095238095232
2011,KS,1,25.67
2011,L1,1,7.869640957446811
2011,L1,2,13.17861835748793
2011,L1,3 & 4,19.99047346938778
2011,L1,5+,19.626019417475725
2011,L2,1,7.899217638691319
2011,L2,2,13.033840513290567
2011,L2,3 & 4,19.31218703976439
2011,L2,5+,20.943061224489806
2011,L3,1,7.882426470588231
2011,L3,2,11.913824626865654
2011,L3,3 & 4,19.39133812949641
2011,L3,5+,16.79314049586777
2011,M1,1,7.729514106583078
2011,M1,2,13.514885670731726
2011,M1,3 & 4,20.794093264248712
2011,M1,5+,20.729541284403666
2011,M2,1,7.555466893039049
2011,M2,2,13.68664921465967
2011,M2,3 & 4,19.190848563968682
2011,M2,5+,20.38863945578231
2011,M3,1,5.73373475609756
2011,M3,2,12.009674242424245
2011,M3,3 & 4,17.483115789473686
2011,M3,5+,21.453999999999994
2011,N,1,6.0
2011,N,2,24.6175
2011,N,3 & 4,23.18
2011,N1,1,9.921257861635215
2011,N1,2,15.826457516339854
2011,N1,3 & 4,22.590579981290926
2011,N1,5+,19.073928571428574
2011,N2,1,8.649151670951166
2011,N2,2,14.394774999999973
2011,N2,3 & 4,21.533987189751826
2011,N2,5+,20.26787671232877
2011,N3,1,7.464039270687234
2011,N3,2,13.285808695652172
2011,N3,3 & 4,20.9703297609233
2011,N3,5+,20.173454545454554
2011,O1,1,8.56291428571429
2011,O1,2,13.753216783216795
2011,O1,3 & 4,19.39539940828404
2011,O1,5+,21.075463917525774
2011,O2,1,8.754607508532427
2011,O2,2,14.468607594936719
2011,O2,3 & 4,19.54475336322872
2011,O2,5+,20.933269230769234
2011,O3,1,8.519621621621628
2011,O3,2,13.778857142857143
2011,O3,3 & 4,19.556062407132234
2011,O3,5+,21.76108695652174
2011,Q1,1,10.23347826086956
2011,Q1,2,13.58036414565827
2011,Q1,3 & 4,20.28632311977718
2011,Q1,5+,17.464915254237283
2011,Q2,1,8.939251824817525
2011,Q2,2,14.228306997742665
2011,Q2,3 & 4,21.22759526938239
2011,Q2,5+,21.132151898734183
2011,Q3,1,7.465360419397111
2011,Q3,2,12.225720130932894
2011,Q3,3 & 4,18.914592430858804
2011,Q3,5+,20.566916299559463
2011,R1,1,8.570080645161289
2011,R1,2,14.83175141242939
2011,R1,3 & 4,21.648014285714282
2011,R1,5+,19.86428571428571
2011,R2,1,9.24010568031704
2011,R2,2,14.482692982456143
2011,R2,3 & 4,20.648348323793932
2011,R2,5+,18.892377049180332
2011,R3,1,8.411109902067459
2011,R3,2,14.091336206896546
2011,R3,3 & 4,21.507316745124463
2011,R3,5+,22.72350993377484
2011,S,2,38.108095238095245
2011,S,3 & 4,35.31
2011,S1,1,8.316719817767648
2011,S1,2,14.620876288659794
2011,S1,3 & 4,21.251058244462644
2011,S1,5+,17.309718309859154
2011,S2,1,7.436182396606576
2011,S2,2,13.741188034188024
2011,S2,3 & 4,21.75885038038884
2011,S2,5+,20.996428571428574
2011,S3,1,9.501093394077444
2011,S3,2,14.759979166666664
2011,S3,3 & 4,21.93838274932618
2011,S3,5+,17.859
2011,SS,2,34.825
2011,TQ,3 & 4,18.475
2011,TQ,5+,1.13
2011,U1,1,6.796157894736836
2011,U1,2,11.450411849710976
2011,U1,3 & 4,18.87143170838819
2011,U1,5+,18.91611650485437
2011,U2,1,7.222000000000003
2011,U2,2,12.347525252525248
2011,U2,3 & 4,19.33904826648539
2011,U2,5+,20.300789473684205
2011,U3,1,10.290148760330569
2011,U3,2,14.545697916666667
2011,U3,3 & 4,20.858989169675073
2011,U3,5+,19.877370892018774
2011,W,2,1.6
2011,W,3 & 4,16.9
2011,W,5+,36.27
2011,W1,1,10.064421052631584
2011,W1,2,13.809077353215299
2011,W1,3 & 4,21.3277118644068
2011,W1,5+,21.725470085470082
2011,W2,1,8.774635958395239
2011,W2,2,13.19233160621761
2011,W2,3 & 4,21.072612612612573
2011,W2,5+,22.35338235294119
2011,W3,1,8.787938461538456
2011,W3,2,13.161458797327384
2011,W3,3 & 4,21.054549653579656
2011,W3,5+,19.355615384615383
2012,99,1,8.8
2012,99,2,19.99583333333333
2012,99,3 & 4,27.341000000000005
2012,99,5+,3.975
2012,B1,1,12.302251552795024
2012,B1,2,18.650901639344248
2012,B1,3 & 4,25.105466786355457
2012,B1,5+,20.354931506849315
2012,B2,1,11.517770177838582
2012,B2,2,17.453949652777787
2012,B2,3 & 4,23.761636771300445
2012,B2,5+,21.718173076923076
2012,B3,1,10.467743506493509
2012,B3,2,17.865884816753923
2012,B3,3 & 4,24.64214738510298
2012,B3,5+,19.89058252427185
2012,C1,1,6.2127972027972
2012,C1,2,11.974550128534705
2012,C1,3 & 4,21.499074573225535
2012,C1,5+,18.858709677419352
2012,C2,1,7.65280623608017
2012,C2,2,14.92430700447094
2012,C2,3 & 4,21.77193702290077
2012,C2,5+,21.102244897959185
2012,C3,1,7.342684684684685
2012,C3,2,13.408989298454227
2012,C3,3 & 4,21.472553017944545
2012,C3,5+,24.527900000000024
2012,CDD,1,19.60166666666667
2012,CDD,2,14.3
2012,CDD,3 & 4,2.275
2012,CDD,5+,30.830000000000002
2012,CMD4,5+,1.48
2012,COMM,3 & 4,26.835
2012,COMM,5+,18.34923076923077
2012,CS,2,28.12
2012,CTY,2,12.68
2012,CTY,3 & 4,1.98
2012,D1,1,7.427356446370542
2012,D1,2,14.241317934782591
2012,D1,3 & 4,20.778587521663777
2012,D1,5+,19.434213483146063
2012,D2,1,7.9276060191518445
2012,D2,2,14.54866396761132
2012,D2,3 & 4,20.963313096270607
2012,D2,5+,22.049612903225803
2012,D3,1,8.766007957559683
2012,D3,2,15.364910714285722
2012,D3,3 & 4,22.352691244239647
2012,D3,5+,19.474772727272725
2012,E,1,15.585
2012,E,2,24.573
2012,E,3 & 4,25.8575
2012,E1,1,6.160145310435922
2012,E1,2,11.88045337895639
2012,E1,3 & 4,19.65278731836194
2012,E1,5+,23.219898989898994
2012,E2,1,5.163084577114427
2012,E2,2,10.819081557678171
2012,E2,3 & 4,17.435035405192767
2012,E2,5+,19.73633136094675
2012,E3,1,8.047448979591847
2012,E3,2,14.141271571298823
2012,E3,3 & 4,21.525032377428253
2012,E3,5+,20.608909952606652
2012,F1,1,9.095962389380531
2012,F1,2,14.462777777777772
2012,F1,3 & 4,21.211267496111983
2012,F1,5+,20.26287234042553
2012,F2,1,7.74563068920678
2012,F2,2,13.563964365256147
2012,F2,3 & 4,20.180592525068366
2012,F2,5+,21.38616438356165
2012,F3,1,11.322650056625145
2012,F3,2,16.037412280701766
2012,F3,3 & 4,22.15615824594846
2012,F3,5+,24.696629213483142
2012,G1,1,7.189318181818172
2012,G1,2,13.363065395095376
2012,G1,3 & 4,20.90150240384615
2012,G1,5+,20.73677419354839
2012,G2,1,6.623309265944646
2012,G2,2,12.099613899613905
2012,G2,3 & 4,19.003754789272023
2012,G2,5+,24.04087301587302
2012,G3,1,8.276417910447758
2012,G3,2,13.922540675844791
2012,G3,3 & 4,20.194126984127003
2012,G3,5+,21.061044776119406
2012,HBR,1,31.75
2012,INV,2,50.22
2012,INV,5+,18.285
2012,J1,1,11.21402376910017
2012,J1,2,16.737897310513443
2012,J1,3 & 4,22.377803790412518
2012,J1,5+,20.327352941176464
2012,J2,1,11.426986817325817
2012,J2,2,19.555248120300735
2012,J2,3 & 4,24.708985176738874
2012,J2,5+,19.776090225563905
2012,J3,1,10.449420600858367
2012,J3,2,16.03365192582026
2012,J3,3 & 4,24.460094899169672
2012,J3,5+,19.496050955414013
2012,K1,1,9.127393103448265
2012,K1,2,14.325081300812991
2012,K1,3 & 4,20.69279214064116
2012,K1,5+,22.350240963855413
2012,K2,1,7.653580246913581
2012,K2,2,14.273452380952385
2012,K2,3 & 4,20.155458996328043
2012,K2,5+,19.11180327868853
2012,K3,1,7.139802631578946
2012,K3,2,13.58159337521418
2012,K3,3 & 4,19.673034420289863
2012,K3,5+,19.326486486486488
2012,L1,1,9.243365906623234
2012,L1,2,13.629091718610864
2012,L1,3 & 4,20.97039657853809
2012,L1,5+,20.911603773584908
2012,L2,1,9.139710982658965
2012,L2,2,14.276254295532643
2012,L2,3 & 4,20.918459770114957
2012,L2,5+,20.491912568306027
2012,L3,1,8.619001331557925
2012,L3,2,14.372686567164175
2012,L3,3 & 4,20.077323008849543
2012,L3,5+,22.174424778761065
2012,M1,1,7.2316329113924
2012,M1,2,14.54569348659002
2012,M1,3 & 4,20.984743589743555
2012,M1,5+,22.904601769911512
2012,M2,1,7.818050734312417
2012,M2,2,14.279162861491612
2012,M2,3 & 4,21.017528089887648
2012,M2,5+,20.76396449704142
2012,M3,1,7.038014388489213
2012,M3,2,13.286049848942588
2012,M3,3 & 4,20.278436363636366
2012,M3,5+,24.082686567164174
2012,N,1,11.605
2012,N,2,25.134545454545457
2012,N,3 & 4,31.72
2012,N,5+,26.63
2012,N1,1,11.777911111111115
2012,N1,2,17.249484679665716
2012,N1,3 & 4,23.70126728110598
2012,N1,5+,22.483725490196072
2012,N2,1,9.681303317535544
2012,N2,2,15.539564502875931
2012,N2,3 & 4,21.243920353982297
2012,N2,5+,19.244444444444447
2012,N3,1,8.185900116144033
2012,N3,2,13.799290096406674
2012,N3,3 & 4,21.166926229508164
2012,N3,5+,18.2086
2012,O1,1,9.199555555555545
2012,O1,2,15.677446808510641
2012,O1,3 & 4,21.42557932263815
2012,O1,5+,20.2229268292683
2012,O2,1,9.63895765472313
2012,O2,2,16.000687331536387
2012,O2,3 & 4,20.981149606299223
2012,O2,5+,24.814406779661017
2012,O3,1,8.709326424870472
2012,O3,2,15.456370597243497
2012,O3,3 & 4,20.580408450704237
2012,O3,5+,22.73529411764705
2012,OS,1,6.68
2012,Q1,1,10.607996146435458
2012,Q1,2,14.997586206896562
2012,Q1,3 & 4,22.62291224686597
2012,Q1,5+,20.879705882352955
2012,Q2,1,10.805442073170733
2012,Q2,2,14.30589800443458
2012,Q2,3 & 4,23.244171232876703
2012,Q2,5+,23.201674876847303
2012,Q3,1,8.954220994475126
2012,Q3,2,13.876480000000013
2012,Q3,3 & 4,20.84288803088803
2012,Q3,5+,21.066343612334787
2012,R1,1,9.105769230769234
2012,R1,2,15.052750225428294
2012,R1,3 & 4,22.042922614575474
2012,R1,5+,22.995862068965526
2012,R2,1,9.7045945945946
2012,R2,2,14.435166531275373
2012,R2,3 & 4,22.019149632052333
2012,R2,5+,20.612153846153834
2012,R3,1,9.059462242562933
2012,R3,2,15.219925233644853
2012,R3,3 & 4,21.767370466321243
2012,R3,5+,21.6069387755102
2012,S,1,23.71666666666667
2012,S,2,33.07791666666667
2012,S,3 & 4,38.14578947368422
2012,S,5+,11.523333333333333
2012,S1,1,8.70737843551797
2012,S1,2,14.393584117032386
2012,S1,3 & 4,22.339623233908977
2012,S1,5+,22.403116883116887
2012,S2,1,7.339904013961597
2012,S2,2,13.530041806020076
2012,S2,3 & 4,21.025982008995495
2012,S2,5+,20.203678160919548
2012,S3,1,9.197155778894475
2012,S3,2,15.072542986425333
2012,S3,3 & 4,21.966129289704714
2012,S3,5+,24.554782608695657
2012,TQ,3 & 4,15.38
2012,TQ,5+,16.068
2012,U1,1,7.288084449021625
2012,U1,2,12.532666666666652
2012,U1,3 & 4,19.62978030919445
2012,U1,5+,20.365914893617024
2012,U2,1,7.7337910798122005
2012,U2,2,13.642120830711141
2012,U2,3 & 4,19.910351190476195
2012,U2,5+,19.525870967741955
2012,U3,1,10.404031117397473
2012,U3,2,15.585153550863724
2012,U3,3 & 4,21.96084210526319
2012,U3,5+,19.27378640776698
2012,W,2,26.064999999999998
2012,W,3 & 4,31.8
2012,W,5+,7.362
2012,W1,1,10.798713872832367
2012,W1,2,16.011532184950152
2012,W1,3 & 4,23.32380248833593
2012,W1,5+,19.606551724137937
2012,W2,1,9.186780626780616
2012,W2,2,15.371525581395344
2012,W2,3 & 4,21.654597014925358
2012,W2,5+,20.845327868852458
2012,W3,1,9.07928467153286
2012,W3,2,15.538579117330466
2012,W3,3 & 4,23.012206461780917
2012,W3,5+,22.054
2012,WS,2,59.52
2013,99,1,9.798333333333336
2013,99,2,21.763421052631575
2013,99,3 & 4,30.186792452830186
2013,99,5+,39.345
2013,B1,1,12.034874686716812
2013,B1,2,18.624295136026365
2013,B1,3 & 4,23.58576333089846
2013,B1,5+,20.667696629213477
2013,B2,1,11.38163316582915
2013,B2,2,16.436806930693066
2013,B2,3 & 4,24.33166994106094
2013,B2,5+,19.10735576923078
2013,B3,1,11.19850308641975
2013,B3,2,17.345848871442588
2013,B3,3 & 4,24.17552437223046
2013,B3,5+,18.854639639639647
2013,C1,1,7.2186530612244955
2013,C1,2,12.703895410885798
2013,C1,3 & 4,22.50722084367246
2013,C1,5+,21.780168067226892
2013,C2,1,8.449956709956716
2013,C2,2,14.599839416058384
2013,C2,3 & 4,23.11168431183831
2013,C2,5+,19.30720279720279
2013,C3,1,7.105220458553795
2013,C3,2,12.867681159420297
2013,C3,3 & 4,21.577704785077017
2013,C3,5+,21.968879310344832
2013,CDD,1,7.75625
2013,CDD,2,28.17
2013,CDD,3 & 4,20.16142857142857
2013,CDD,5+,17.07
2013,COMM,5+,26.663125
2013,CTY,1,21.015
2013,CTY,2,55.77
2013,CTY,3 & 4,3.075
2013,D1,1,7.2245991561181375
2013,D1,2,13.779208053691288
2013,D1,3 & 4,22.266004901960777
2013,D1,5+,21.236538461538455
2013,D2,1,7.733160839160837
2013,D2,2,14.2822476340694
2013,D2,3 & 4,21.739469103568332
2013,D2,5+,19.504000000000005
2013,D3,1,9.238731343283572
2013,D3,2,15.362876033057837
2013,D3,3 & 4,23.381758050478687
2013,D3,5+,20.235906432748532
2013,DET,3 & 4,8.3
2013,E,1,5.7
2013,E,2,34.0925
2013,E,3 & 4,40.23444444444444
2013,E,5+,7.12
2013,E1,1,6.490300578034686
2013,E1,2,12.098020477815721
2013,E1,3 & 4,20.34817495280051
2013,E1,5+,20.15405797101449
2013,E2,1,5.121479140328704
2013,E2,2,10.668586683417075
2013,E2,3 & 4,19.245250338295
2013,E2,5+,23.489462365591397
2013,E3,1,7.868462484624849
2013,E3,2,13.937073170731724
2013,E3,3 & 4,22.190254237288116
2013,E3,5+,22.90767676767677
2013,F1,1,9.773226544622425
2013,F1,2,15.30251945525291
2013,F1,3 & 4,21.457259316770195
2013,F1,5+,21.926153846153845
2013,F2,1,7.761878109452742
2013,F2,2,13.949739049394216
2013,F2,3 & 4,21.554982174688078
2013,F2,5+,20.793416666666662
2013,F3,1,11.04548794489093
2013,F3,2,16.067677624602286
2013,F3,3 & 4,22.23843555555553
2013,F3,5+,19.492096774193545
2013,G1,1,7.756264274061991
2013,G1,2,14.432417871222087
2013,G1,3 & 4,22.08446026097271
2013,G1,5+,22.127142857142854
2013,G2,1,5.992455303933255
2013,G2,2,11.804346473029042
2013,G2,3 & 4,18.95258961228966
2013,G2,5+,22.262713178294558
2013,G3,1,7.101357827476036
2013,G3,2,13.34120822622109
2013,G3,3 & 4,19.076473740621644
2013,G3,5+,21.966351351351353
2013,GS,2,49.52
2013,H2,1,13.35
2013,INV,2,25.064999999999998
2013,INV,3 & 4,1.37
2013,INV,5+,6.75
2013,J1,1,10.16655555555556
2013,J1,2,16.193802660753892
2013,J1,3 & 4,23.133794506612404
2013,J1,5+,23.42317757009347
2013,J2,1,10.826790780141836
2013,J2,2,17.652358604091447
2013,J2,3 & 4,23.174220183486245
2013,J2,5+,20.277375886524826
2013,J3,1,9.681755424063113
2013,J3,2,17.246049046321517
2013,J3,3 & 4,24.408834296724464
2013,J3,5+,22.07920245398772
2013,K1,1,7.873392461197341
2013,K1,2,14.860074525745263
2013,K1,3 & 4,21.356593511450374
2013,K1,5+,23.037934782608694
2013,K2,1,7.630456521739125
2013,K2,2,13.733118536197285
2013,K2,3 & 4,21.918947368421048
2013,K2,5+,22.626492537313435
2013,K3,1,6.951159153633868
2013,K3,2,13.917374541003669
2013,K3,3 & 4,20.546090909090914
2013,K3,5+,22.011554054054052
2013,L1,1,8.947041484716143
2013,L1,2,14.573241895261848
2013,L1,3 & 4,21.297288135593224
2013,L1,5+,21.97504347826086
2013,L2,1,8.925020576131692
2013,L2,2,14.776466101694922
2013,L2,3 & 4,21.786477732793507
2013,L2,5+,21.013495145631058
2013,L3,1,8.810535491905341
2013,L3,2,13.971580916744617
2013,L3,3 & 4,20.476207133059003
2013,L3,5+,21.02720430107528
2013,M1,1,7.190973084886126
2013,M1,2,14.619632107023433
2013,M1,3 & 4,22.529429133858244
2013,M1,5+,23.736761133603245
2013,M2,1,7.209021164021165
2013,M2,2,14.743819286256668
2013,M2,3 & 4,21.12708333333329
2013,M2,5+,21.437960526315795
2013,M3,1,6.648598484848483
2013,M3,2,13.284777699364835
2013,M3,3 & 4,21.76310629514965
2013,M3,5+,21.19621212121212
2013,N,1,9.094999999999999
2013,N,2,15.027000000000001
2013,N,3 & 4,6.76
2013,N,5+,30.166666666666668
2013,N1,1,11.067670043415337
2013,N1,2,16.699065420560768
2013,N1,3 & 4,23.25212574850301
2013,N1,5+,23.451634615384627
2013,N2,1,8.792289562289566
2013,N2,2,15.75546546546545
2013,N2,3 & 4,22.183262074425997
2013,N2,5+,21.534961240310068
2013,N3,1,8.216901098901088
2013,N3,2,14.399200000000018
2013,N3,3 & 4,21.923609789259032
2013,N3,5+,21.19262411347519
2013,O1,1,9.020959752321978
2013,O1,2,15.723085808580866
2013,O1,3 & 4,21.503929824561403
2013,O1,5+,22.733478260869568
2013,O2,1,8.672025316455704
2013,O2,2,14.29585843373494
2013,O2,3 & 4,20.757638266068756
2013,O2,5+,20.607049180327873
2013,O3,1,8.272200000000005
2013,O3,2,14.49981878088962
2013,O3,3 & 4,21.21713091922007
2013,O3,5+,21.848358208955222
2013,Q1,1,11.214587813620057
2013,Q1,2,16.305608108108107
2013,Q1,3 & 4,23.53439316239317
2013,Q1,5+,20.99040983606558
2013,Q2,1,10.02163779527559
2013,Q2,2,15.403170466883815
2013,Q2,3 & 4,23.521589225589242
2013,Q2,5+,22.379029535864976
2013,Q3,1,9.057293064876955
2013,Q3,2,13.386593625498026
2013,Q3,3 & 4,22.43313338038112
2013,Q3,5+,20.730226244343875
2013,R1,1,8.754345898004443
2013,R1,2,14.678724137931047
2013,R1,3 & 4,21.982997347480122
2013,R1,5+,20.195247524752467
2013,R2,1,9.105552380952373
2013,R2,2,14.86285487708166
2013,R2,3 & 4,20.78666666666665
2013,R2,5+,23.826791044776122
2013,R3,1,8.175791805094136
2013,R3,2,14.731065801668185
2013,R3,3 & 4,21.62935082872926
2013,R3,5+,20.34042553191488
2013,S,1,24.85
2013,S,2,38.85708333333333
2013,S,3 & 4,30.799047619047617
2013,S,5+,9.32
2013,S1,1,8.508509513742073
2013,S1,2,14.699568627450974
2013,S1,3 & 4,22.687015590200424
2013,S1,5+,27.623195876288673
2013,S2,1,7.679116360454947
2013,S2,2,14.346515912897814
2013,S2,3 & 4,21.65427914110431
2013,S2,5+,26.323703703703707
2013,S3,1,8.628650646950101
2013,S3,2,15.086069829901527
2013,S3,3 & 4,22.19515587529976
2013,S3,5+,16.24987179487179
2013,SD,2,21.5
2013,SWT,3 & 4,13.75
2013,TAC2,5+,18.8
2013,TQ,5+,23.255
2013,U1,1,6.9890191657271625
2013,U1,2,12.79302515295716
2013,U1,3 & 4,20.440262128325504
2013,U1,5+,22.570264317180627
2013,U2,1,7.637623421354759
2013,U2,2,13.242753799392109
2013,U2,3 & 4,19.642135809634386
2013,U2,5+,22.021721854304637
2013,U3,1,10.686090651558073
2013,U3,2,16.05195445920304
2013,U3,3 & 4,22.273061974789947
2013,U3,5+,22.809099526066365
2013,W,1,19.92
2013,W,5+,13.76
2013,W1,1,10.223086592178774
2013,W1,2,16.351164965986403
2013,W1,3 & 4,23.107816954238576
2013,W1,5+,20.238
2013,W2,1,9.572436090225557
2013,W2,2,14.973366788321169
2013,W2,3 & 4,21.569945017182125
2013,W2,5+,20.066549295774635
2013,W3,1,9.684216691068812
2013,W3,2,15.412665890570443
2013,W3,3 & 4,22.391635124905353
2013,W3,5+,23.0806976744186
2013,WP,3 & 4,36.18
2013,WS,2,23.42
2014,99,1,12.098461538461537
2014,99,2,25.75155844155844
2014,99,3 & 4,29.491884057971014
2014,99,5+,19.324
2014,B1,1,12.094270967741945
2014,B1,2,18.46553618134263
2014,B1,3 & 4,24.51931666666667
2014,B1,5+,25.384827586206903
2014,B2,1,11.09803385416667
2014,B2,2,17.9052508650519
2014,B2,3 & 4,25.23014275517491
2014,B2,5+,24.577578125000002
2014,B3,1,11.111552197802201
2014,B3,2,18.59871124031008
2014,B3,3 & 4,26.025767844268255
2014,B3,5+,24.83638655462185
2014,C1,1,7.163681214421255
2014,C1,2,13.023129675810456
2014,C1,3 & 4,21.585581988105332
2014,C1,5+,26.81200000000001
2014,C2,1,8.654352226720636
2014,C2,2,16.328323943661974
2014,C2,3 & 4,24.136905417814482
2014,C2,5+,23.98968421052632
2014,C3,1,7.487888513513521
2014,C3,2,13.515499398315272
2014,C3,3 & 4,22.290450606585818
2014,C3,5+,25.019870129870135
2014,CCD,2,16.2
2014,CCD,5+,10.03
2014,CD,3 & 4,10.6
2014,CDD,1,16.625555555555554
2014,CDD,2,8.616666666666667
2014,CDD,3 & 4,13.862857142857143
2014,CMD4,5+,13.67
2014,COMM,3 & 4,10.79
2014,COMM,5+,23.398000000000003
2014,CS,2,51.78
2014,CTY,1,18.12
2014,CTY,2,20.515
2014,D1,1,7.6712331606217665
2014,D1,2,14.507879008746364
2014,D1,3 & 4,21.507649842271295
2014,D1,5+,23.06212121212121
2014,D2,1,8.354166666666666
2014,D2,2,15.085551839464868
2014,D2,3 & 4,21.126478087649378
2014,D2,5+,23.70711111111111
2014,D3,1,9.144258793969838
2014,D3,2,16.50580419580421
2014,D3,3 & 4,24.22528388278389
2014,D3,5+,24.955061728395055
2014,DET,2,3.65
2014,DET,3 & 4,39.1
2014,E,1,31.88
2014,E,2,29.255
2014,E,3 & 4,31.456666666666667
2014,E1,1,6.54486430062631
2014,E1,2,13.190504313205048
2014,E1,3 & 4,21.415196506550235
2014,E1,5+,23.536049382716055
2014,E2,1,5.015290023201854
2014,E2,2,11.297246469833118
2014,E2,3 & 4,19.448611275964367
2014,E2,5+,22.896447368421047
2014,E3,1,8.720293159609115
2014,E3,2,14.765916530278227
2014,E3,3 & 4,22.368230702515145
2014,E3,5+,24.821404958677682
2014,F1,1,9.258698156682026
2014,F1,2,15.839354518371433
2014,F1,3 & 4,21.943205546492674
2014,F1,5+,18.375945945945947
2014,F2,1,8.092405372405377
2014,F2,2,14.987244444444471
2014,F2,3 & 4,21.387415730337086
2014,F2,5+,22.999555555555553
2014,F3,1,10.617714285714307
2014,F3,2,17.430378323108382
2014,F3,3 & 4,23.470522151898702
2014,F3,5+,28.17487804878049
2014,FS,2,45.769999999999996
2014,G1,1,7.895216637781635
2014,G1,2,13.950791457286423
2014,G1,3 & 4,21.45167758846658
2014,G1,5+,26.481794871794875
2014,G2,1,7.3280793060718725
2014,G2,2,13.171888772298024
2014,G2,3 & 4,20.793391812865504
2014,G2,5+,27.519764705882356
2014,G3,1,8.2111356466877
2014,G3,2,14.50662636033858
2014,G3,3 & 4,21.794287268770375
2014,G3,5+,30.869152542372888
2014,GS,2,6.82
2014,HBR,1,1.32
2014,INV,2,48.23
2014,J1,1,9.766490066225172
2014,J1,2,17.635887949260056
2014,J1,3 & 4,23.27959163346614
2014,J1,5+,22.24623188405797
2014,J2,1,12.161926163723924
2014,J2,2,18.035005820721764
2014,J2,3 & 4,23.83112349117919
2014,J2,5+,26.14123809523811
2014,J3,1,10.954267161410016
2014,J3,2,17.7462566137566
2014,J3,3 & 4,24.64069723018146
2014,J3,5+,25.80902654867257
2014,K1,1,8.213777292576413
2014,K1,2,16.209675755342676
2014,K1,3 & 4,22.773071638861605
2014,K1,5+,26.739396551724145
2014,K2,1,8.458611632270163
2014,K2,2,15.454582995951409
2014,K2,3 & 4,21.798229508196748
2014,K2,5+,25.684848484848484
2014,K3,1,7.686728499156825
2014,K3,2,15.850815775256594
2014,K3,3 & 4,21.102853285328514
2014,K3,5+,24.00441558441558
2014,L1,1,9.060298507462674
2014,L1,2,14.729269565217384
2014,L1,3 & 4,21.167815699658725
2014,L1,5+,25.889272727272733
2014,L2,1,9.062458598726108
2014,L2,2,15.750187553282204
2014,L2,3 & 4,21.55133018230928
2014,L2,5+,25.388333333333346
2014,L3,1,9.054221635883914
2014,L3,2,14.232832263977977
2014,L3,3 & 4,20.751572948328267
2014,L3,5+,27.945333333333327
2014,M1,1,7.465503282275715
2014,M1,2,15.233159057437422
2014,M1,3 & 4,22.694080076263095
2014,M1,5+,25.48564705882353
2014,M2,1,7.854355758266811
2014,M2,2,15.256027201145333
2014,M2,3 & 4,20.97242063492067
2014,M2,5+,23.33986013986014
2014,M3,1,6.920252293577974
2014,M3,2,14.832977562158884
2014,M3,3 & 4,22.07240759240761
2014,M3,5+,27.36366336633663
2014,N,1,6.0
2014,N,2,21.689999999999998
2014,N,3 & 4,27.098333333333333
2014,N,5+,25.724999999999998
2014,N1,1,10.796919191919185
2014,N1,2,17.25025477707006
2014,N1,3 & 4,25.224335317460312
2014,N1,5+,26.162325581395354
2014,N2,1,9.54015045135407
2014,N2,2,17.034966139954836
2014,N2,3 & 4,23.622831783601068
2014,N2,5+,23.30319444444444
2014,N3,1,8.229337944664021
2014,N3,2,15.416165016501656
2014,N3,3 & 4,21.631011162179902
2014,N3,5+,23.486521739130435
2014,O1,1,9.13052369077306
2014,O1,2,16.824421199442128
2014,O1,3 & 4,22.511869009584665
2014,O1,5+,23.942467532467532
2014,O2,1,8.862205438066459
2014,O2,2,15.628093278463655
2014,O2,3 & 4,21.261175595238097
2014,O2,5+,24.43078947368421
2014,O3,1,8.565024038461543
2014,O3,2,15.848418674698813
2014,O3,3 & 4,22.9149874686717
2014,O3,5+,21.88918918918919
2014,PSPSN1,5+,16.6
2014,PSPSN2,5+,22.72
2014,Q1,1,10.631862197392927
2014,Q1,2,16.546361355081565
2014,Q1,3 & 4,23.416920583468375
2014,Q1,5+,26.251199999999997
2014,Q2,1,10.406545961002792
2014,Q2,2,15.43236166007906
2014,Q2,3 & 4,22.808918393782406
2014,Q2,5+,28.285824175824168
2014,Q3,1,8.690843373493989
2014,Q3,2,14.95105527638191
2014,Q3,3 & 4,22.06882352941175
2014,Q3,5+,21.879599999999993
2014,R1,1,9.079302587176604
2014,R1,2,15.626570363466943
2014,R1,3 & 4,22.5092635135135
2014,R1,5+,22.28782051282051
2014,R2,1,8.74977055449331
2014,R2,2,15.449563139931744
2014,R2,3 & 4,22.089512353706084
2014,R2,5+,23.58758928571429
2014,R3,1,8.294165803108813
2014,R3,2,14.796580086580066
2014,R3,3 & 4,22.19436112777447
2014,R3,5+,23.98303278688524
2014,RS,2,6.1
2014,S,1,35.32333333333333
2014,S,2,37.272083333333335
2014,S,3 & 4,37.4125
2014,S1,1,8.844176408076518
2014,S1,2,14.545509309967144
2014,S1,3 & 4,22.67689430894314
2014,S1,5+,27.98695652173914
2014,S2,1,7.385819536423839
2014,S2,2,13.769952681388032
2014,S2,3 & 4,21.494049526584124
2014,S2,5+,21.03042553191489
2014,S3,1,9.362940630797764
2014,S3,2,15.124750679963745
2014,S3,3 & 4,21.561008902077155
2014,S3,5+,27.05101694915255
2014,SD,2,1.12
2014,SP,2,30.42
2014,SP,3 & 4,24.83
2014,TQ,3 & 4,15.75
2014,TQ,5+,14.48
2014,U1,1,7.799608294930887
2014,U1,2,13.311498881431739
2014,U1,3 & 4,20.089627592044014
2014,U1,5+,27.23519230769231
2014,U2,1,8.118041615667082
2014,U2,2,14.507269957343105
2014,U2,3 & 4,20.589884105960255
2014,U2,5+,24.740769230769217
2014,U3,1,10.6724427480916
2014,U3,2,17.989574660633505
2014,U3,3 & 4,24.0252221612726
2014,U3,5+,26.312500000000004
2014,W,1,10.39
2014,W,2,28.430000000000003
2014,W,3 & 4,38.08
2014,W,5+,36.62
2014,W1,1,10.458731778425637
2014,W1,2,16.304766435986163
2014,W1,3 & 4,23.254566987416734
2014,W1,5+,25.03155844155844
2014,W2,1,10.340802631578942
2014,W2,2,15.530336391437318
2014,W2,3 & 4,22.932658875091324
2014,W2,5+,24.06234375
2014,W3,1,10.099099859353025
2014,W3,2,15.657540574282157
2014,W3,3 & 4,23.107201646090537
2014,W3,5+,25.06115384615385
2014,WS,3 & 4,6.77
2014,XDD,5+,1.92
2015,99,1,9.840476190476192
2015,99,2,25.87249999999999
2015,99,3 & 4,26.478928571428572
2015,99,5+,37.7
2015,B1,1,12.88011340206186
2015,B1,2,19.76018124507484
2015,B1,3 & 4,25.10991899189924
2015,B1,5+,17.74765100671139
2015,B2,1,11.078730158730158
2015,B2,2,20.351069078947386
2015,B2,3 & 4,25.184260869565236
2015,B2,5+,17.835764705882347
2015,B3,1,11.583378378378379
2015,B3,2,19.678789237668184
2015,B3,3 & 4,25.94550148957302
2015,B3,5+,16.762229729729725
2015,C1,1,7.331101398601404
2015,C1,2,14.959482564679409
2015,C1,3 & 4,23.240612582781495
2015,C1,5+,18.780666666666665
2015,C2,1,8.758806262230921
2015,C2,2,15.65553450608929
2015,C2,3 & 4,24.32117521367519
2015,C2,5+,18.787867647058818
2015,C3,1,7.68413907284768
2015,C3,2,15.826814268142675
2015,C3,3 & 4,23.582391304347787
2015,C3,5+,18.817881355932197
2015,CD,1,10.02
2015,CD,3 & 4,13.190000000000001
2015,CDD,1,13.00923076923077
2015,CDD,2,25.178333333333338
2015,CDD,3 & 4,16.593888888888888
2015,CDD,5+,14.48
2015,CMD2,5+,55.58
2015,COMM,3 & 4,9.0
2015,COMM,5+,10.912727272727272
2015,CTY,3 & 4,7.846666666666668
2015,CTY,5+,22.836000000000002
2015,D1,1,7.754212152420191
2015,D1,2,15.63096456692916
2015,D1,3 & 4,24.33724913494811
2015,D1,5+,20.031476510067115
2015,D2,1,8.084575835475588
2015,D2,2,16.24836322869956
2015,D2,3 & 4,24.471177606177573
2015,D2,5+,19.576642857142854
2015,D3,1,8.592951739618407
2015,D3,2,18.170861937452322
2015,D3,3 & 4,23.708409680207396
2015,D3,5+,17.785414012738855
2015,DET,1,8.12
2015,DET,2,42.25
2015,E,2,32.94500000000001
2015,E,3 & 4,23.94
2015,E,5+,6.82
2015,E1,1,6.289454732510287
2015,E1,2,13.669182630906763
2015,E1,3 & 4,21.69623953638121
2015,E1,5+,20.121756756756756
2015,E2,1,5.258493723849369
2015,E2,2,11.921577624135768
2015,E2,3 & 4,18.87221488595437
2015,E2,5+,19.23610738255034
2015,E3,1,6.887595212187167
2015,E3,2,14.428184338184357
2015,E3,3 & 4,21.217580283793904
2015,E3,5+,19.144367088607595
2015,F1,1,9.000647249190934
2015,F1,2,16.34279880478089
2015,F1,3 & 4,22.01477229601518
2015,F1,5+,18.817954545454544
2015,F2,1,8.34143021914649
2015,F2,2,14.965766215253035
2015,F2,3 & 4,21.17101277372265
2015,F2,5+,20.213913043478264
2015,F3,1,10.487615819209037
2015,F3,2,17.4532191780822
2015,F3,3 & 4,22.513589329021844
2015,F3,5+,19.79125
2015,G1,1,8.301099554234769
2015,G1,2,14.542346109175392
2015,G1,3 & 4,20.383374083129592
2015,G1,5+,17.503214285714286
2015,G2,1,6.874388398486758
2015,G2,2,14.170457380457384
2015,G2,3 & 4,20.752876602564086
2015,G2,5+,18.414482758620693
2015,G3,1,8.306401326699833
2015,G3,2,15.667695262484
2015,G3,3 & 4,22.295163240628774
2015,G3,5+,22.54983606557378
2015,H3,1,27.45
2015,HS,1,37.15
2015,HS,3 & 4,14.32
2015,INV,1,43.37
2015,J1,1,10.626524725274722
2015,J1,2,18.674338565022452
2015,J1,3 & 4,25.114617314930992
2015,J1,5+,20.86195121951219
2015,J2,1,11.832396694214877
2015,J2,2,19.23404157043882
2015,J2,3 & 4,25.24857297297298
2015,J2,5+,17.631495327102808
2015,J3,1,11.050995334370143
2015,J3,2,19.73485172004745
2015,J3,3 & 4,25.188767395626247
2015,J3,5+,19.915076923076924
2015,K1,1,7.379427262313848
2015,K1,2,15.71279503105589
2015,K1,3 & 4,22.813203505355432
2015,K1,5+,19.03584507042253
2015,K2,1,8.052137998056358
2015,K2,2,16.59921842288906
2015,K2,3 & 4,22.689167591564892
2015,K2,5+,19.715050505050506
2015,K3,1,7.426610299769413
2015,K3,2,16.406033210332104
2015,K3,3 & 4,21.045494505494503
2015,K3,5+,19.15272727272728
2015,L1,1,9.29726486486486
2015,L1,2,16.941241610738267
2015,L1,3 & 4,21.166551168412568
2015,L1,5+,19.232307692307682
2015,L2,1,9.79127314814814
2015,L2,2,16.75384778012687
2015,L2,3 & 4,22.05034231609613
2015,L2,5+,18.583197674418603
2015,L3,1,10.553955026455027
2015,L3,2,17.691354656632136
2015,L3,3 & 4,23.511087941976395
2015,L3,5+,20.287681159420284
2015,M1,1,7.344593639575966
2015,M1,2,15.568983536148869
2015,M1,3 & 4,23.6156168505517
2015,M1,5+,20.113212121212122
2015,M2,1,7.061865121180187
2015,M2,2,15.241290127195656
2015,M2,3 & 4,21.339309278350512
2015,M2,5+,21.835294117647067
2015,M3,1,6.600807962529267
2015,M3,2,14.79939302884617
2015,M3,3 & 4,21.475232558139528
2015,M3,5+,18.634907407407415
2015,N,1,7.27
2015,N,2,27.275
2015,N,3 & 4,18.74
2015,N,5+,1.67
2015,N1,1,11.044381084840051
2015,N1,2,19.213910614525155
2015,N1,3 & 4,26.09365023474179
2015,N1,5+,17.49230769230769
2015,N2,1,9.568701030927837
2015,N2,2,18.00437613019891
2015,N2,3 & 4,23.69257868020303
2015,N2,5+,21.26
2015,N3,1,8.423753086419753
2015,N3,2,17.779013192612155
2015,N3,3 & 4,23.77462887989208
2015,N3,5+,20.741359223300968
2015,O1,1,8.334356846473042
2015,O1,2,15.094424111948332
2015,O1,3 & 4,20.8310817307692
2015,O1,5+,17.42049382716049
2015,O2,1,7.9003975535168145
2015,O2,2,14.678304843304845
2015,O2,3 & 4,19.774314247669775
2015,O2,5+,19.67269230769231
2015,O3,1,8.588417431192664
2015,O3,2,14.928365384615393
2015,O3,3 & 4,20.966112531969316
2015,O3,5+,15.564186046511628
2015,Q1,1,11.210786686838118
2015,Q1,2,17.16822704081633
2015,Q1,3 & 4,24.893777148253044
2015,Q1,5+,20.313039215686278
2015,Q2,1,9.977738095238104
2015,Q2,2,16.67904576436224
2015,Q2,3 & 4,24.896994619523454
2015,Q2,5+,20.171729729729726
2015,Q3,1,8.444067207416003
2015,Q3,2,16.29385849744712
2015,Q3,3 & 4,23.135030816640995
2015,Q3,5+,18.263757225433512
2015,R1,1,8.810897571277724
2015,R1,2,16.62295229522953
2015,R1,3 & 4,22.936438906752425
2015,R1,5+,18.67380952380952
2015,R2,1,8.808358925143956
2015,R2,2,16.446712929145345
2015,R2,3 & 4,22.396384364820864
2015,R2,5+,18.988901098901103
2015,R3,1,7.928507905138329
2015,R3,2,16.291411387329575
2015,R3,3 & 4,23.521372965321984
2015,R3,5+,18.59385321100917
2015,S,1,26.57
2015,S,2,31.602222222222224
2015,S,3 & 4,30.292
2015,S,5+,10.08
2015,S1,1,7.959295261239376
2015,S1,2,14.157497194163852
2015,S1,3 & 4,20.342798395185543
2015,S1,5+,21.854814814814812
2015,S2,1,7.070101663585954
2015,S2,2,14.077083333333341
2015,S2,3 & 4,21.29127749576989
2015,S2,5+,19.786666666666665
2015,S3,1,8.731476793248941
2015,S3,2,15.350170863309351
2015,S3,3 & 4,20.8471078001753
2015,S3,5+,17.45544117647059
2015,SP,3 & 4,27.86
2015,SWT,3 & 4,39.13
2015,U1,1,9.123935135135135
2015,U1,2,16.421368421052648
2015,U1,3 & 4,22.832931332948696
2015,U1,5+,23.29237410071943
2015,U2,1,9.530337552742623
2015,U2,2,16.799953596287697
2015,U2,3 & 4,23.250215877437345
2015,U2,5+,18.10701388888889
2015,U3,1,10.548087855297165
2015,U3,2,18.198050921861295
2015,U3,3 & 4,24.70150033489619
2015,U3,5+,18.986012658227843
2015,W,2,25.365
2015,W,3 & 4,35.65
2015,W,5+,44.6
2015,W1,1,11.510631578947361
2015,W1,2,17.78073725490194
2015,W1,3 & 4,23.70521541950114
2015,W1,5+,17.37315789473684
2015,W2,1,9.817647887323956
2015,W2,2,16.67978764478766
2015,W2,3 & 4,23.47386636636637
2015,W2,5+,17.565000000000005
2015,W3,1,10.053768545994052
2015,W3,2,15.82544430538173
2015,W3,3 & 4,23.760631672597864
2015,W3,5+,20.239863013698617
2015,WS,2,31.58
2016,99,1,10.58695652173913
2016,99,2,20.72406249999999
2016,99,3 & 4,25.491355932203394
2016,99,5+,15.672
2016,B1,1,10.473581349206336
2016,B1,2,19.870531784841074
2016,B1,3 & 4,25.666003430531738
2016,B1,5+,18.534761904761904
2016,B2,1,10.085851755526654
2016,B2,2,18.554904507257454
2016,B2,3 & 4,25.834951830443195
2016,B2,5+,16.877969924812035
2016,B3,1,10.243031026252984
2016,B3,2,20.169485580670315
2016,B3,3 & 4,25.856323666978447
2016,B3,5+,17.834882352941182
2016,C1,1,6.802915887850471
2016,C1,2,14.061826171875001
2016,C1,3 & 4,22.323772549019605
2016,C1,5+,18.682385321100913
2016,C2,1,7.305685393258426
2016,C2,2,16.851920614596654
2016,C2,3 & 4,24.13066733067732
2016,C2,5+,19.042125
2016,C3,1,6.991368243243242
2016,C3,2,15.02804826862539
2016,C3,3 & 4,22.834224215246646
2016,C3,5+,24.002291666666675
2016,CD,1,16.78
2016,CDD,1,12.27
2016,CDD,2,17.12
2016,CDD,3 & 4,12.543
2016,CDD,5+,19.16
2016,COMM,5+,15.527777777777779
2016,CTY,1,14.92
2016,CTY,2,20.2
2016,CTY,3 & 4,21.78
2016,CTY,5+,20.0
2016,D1,1,7.249108280254771
2016,D1,2,15.830320886814498
2016,D1,3 & 4,21.940569176882658
2016,D1,5+,20.152735849056604
2016,D2,1,7.6894195250659765
2016,D2,2,15.556799468791516
2016,D2,3 & 4,22.490398981324233
2016,D2,5+,18.675000000000008
2016,D3,1,8.495723756906065
2016,D3,2,16.558334384858036
2016,D3,3 & 4,24.263040983606604
2016,D3,5+,18.664596774193544
2016,DET,2,15.959999999999999
2016,E,2,32.95928571428571
2016,E,3 & 4,21.375
2016,E1,1,6.020018850141373
2016,E1,2,13.249851965288427
2016,E1,3 & 4,20.6267567567568
2016,E1,5+,20.413373493975907
2016,E2,1,4.665402173913036
2016,E2,2,11.464370284387705
2016,E2,3 & 4,18.708053777208768
2016,E2,5+,17.443043478260876
2016,E3,1,6.28143899895725
2016,E3,2,13.384423868312782
2016,E3,3 & 4,19.4073271889401
2016,E3,5+,19.78035398230088
2016,ED,2,32.25
2016,EP,2,40.15
2016,EP,3 & 4,29.7
2016,F1,1,8.370476190476198
2016,F1,2,15.598705882352919
2016,F1,3 & 4,21.66565180102915
2016,F1,5+,21.52818181818182
2016,F2,1,7.439116647791619
2016,F2,2,14.822914001421495
2016,F2,3 & 4,20.92454308093993
2016,F2,5+,21.3159375
2016,F3,1,9.335755478662042
2016,F3,2,16.24473994111874
2016,F3,3 & 4,22.803897435897454
2016,F3,5+,20.111346153846156
2016,G1,1,7.164722662440575
2016,G1,2,14.358506024096389
2016,G1,3 & 4,20.388920000000002
2016,G1,5+,15.969523809523812
2016,G2,1,6.967708333333331
2016,G2,2,14.01361200428726
2016,G2,3 & 4,20.60643129770995
2016,G2,5+,18.137619047619044
2016,G3,1,7.74757225433527
2016,G3,2,15.682934010152273
2016,G3,3 & 4,21.14616788321167
2016,G3,5+,20.02678571428572
2016,GS,2,19.48
2016,HS,2,18.4
2016,INV,3 & 4,10.850000000000001
2016,J1,1,9.500508684863531
2016,J1,2,19.539912816041824
2016,J1,3 & 4,24.12267920094008
2016,J1,5+,21.426483516483508
2016,J2,1,10.391334488734831
2016,J2,2,19.804646924829154
2016,J2,3 & 4,26.392207053469868
2016,J2,5+,22.62197802197802
2016,J3,1,9.895336617405592
2016,J3,2,18.784325674325657
2016,J3,3 & 4,26.04952905811623
2016,J3,5+,17.984566929133877
2016,K1,1,7.40010638297872
2016,K1,2,14.890375505488157
2016,K1,3 & 4,21.55864601769911
2016,K1,5+,22.799736842105272
2016,K2,1,7.34148524923703
2016,K2,2,15.094831325301211
2016,K2,3 & 4,22.07641430073607
2016,K2,5+,21.75238095238095
2016,K3,1,6.841232227488158
2016,K3,2,16.182864768683284
2016,K3,3 & 4,20.45424821002384
2016,K3,5+,22.995454545454553
2016,L1,1,9.145200421940919
2016,L1,2,16.84596899224808
2016,L1,3 & 4,22.560455927051684
2016,L1,5+,18.0975
2016,L2,1,8.24080796252927
2016,L2,2,15.666659559346138
2016,L2,3 & 4,21.89817869415806
2016,L2,5+,21.631349206349206
2016,L3,1,9.666602176541732
2016,L3,2,17.170426929392434
2016,L3,3 & 4,23.09595563139933
2016,L3,5+,18.996999999999996
2016,M1,1,7.360954773869354
2016,M1,2,15.997136627907002
2016,M1,3 & 4,22.271288135593228
2016,M1,5+,21.723125000000003
2016,M2,1,6.350088105726878
2016,M2,2,15.127105403959327
2016,M2,3 & 4,21.785989949748746
2016,M2,5+,19.43100917431193
2016,M3,1,6.239056603773579
2016,M3,2,15.585547191661831
2016,M3,3 & 4,21.35327188940093
2016,M3,5+,20.956106194690268
2016,N,1,16.223333333333333
2016,N,2,19.663333333333334
2016,N,3 & 4,30.86
2016,N1,1,9.889527027027032
2016,N1,2,18.859076396807293
2016,N1,3 & 4,24.787347417840373
2016,N1,5+,19.774406779661017
2016,N2,1,8.624674033149176
2016,N2,2,18.116456504389454
2016,N2,3 & 4,24.070202474690714
2016,N2,5+,17.767761194029852
2016,N3,1,7.123457862728056
2016,N3,2,17.58750877192981
2016,N3,3 & 4,24.168427197802195
2016,N3,5+,15.602380952380955
2016,NS,2,26.72
2016,O1,1,7.698388554216864
2016,O1,2,14.56755555555555
2016,O1,3 & 4,19.953858267716523
2016,O1,5+,20.42877192982456
2016,O2,1,7.70267281105992
2016,O2,2,13.763754693366726
2016,O2,3 & 4,20.071640419947492
2016,O2,5+,27.573170731707318
2016,O3,1,8.47072398190046
2016,O3,2,15.19824306472917
2016,O3,3 & 4,20.476505524861892
2016,O3,5+,22.634888888888888
2016,Q1,1,10.292775919732442
2016,Q1,2,18.11771396396395
2016,Q1,3 & 4,23.636679245282973
2016,Q1,5+,19.204406779661014
2016,Q2,1,9.576867007672636
2016,Q2,2,17.04786776859505
2016,Q2,3 & 4,24.83907943578321
2016,Q2,5+,20.57131147540984
2016,Q3,1,8.010244161358816
2016,Q3,2,15.510140213123949
2016,Q3,3 & 4,23.106255829447015
2016,Q3,5+,20.91977011494254
2016,R1,1,8.269305263157891
2016,R1,2,15.535589600742812
2016,R1,3 & 4,23.28988215488218
2016,R1,5+,19.27223880597015
2016,R2,1,7.8222995169082195
2016,R2,2,15.29433460076045
2016,R2,3 & 4,22.440668276972634
2016,R2,5+,19.55218390804598
2016,R3,1,8.462421420256106
2016,R3,2,15.390690607734804
2016,R3,3 & 4,22.961287820015528
2016,R3,5+,16.994166666666672
2016,S,1,5.425000000000001
2016,S,2,36.89833333333333
2016,S,3 & 4,21.00625
2016,S1,1,7.632575057736712
2016,S1,2,13.965963791267319
2016,S1,3 & 4,21.01416338582677
2016,S1,5+,23.652222222222225
2016,S2,1,6.789837486457208
2016,S2,2,13.842857142857133
2016,S2,3 & 4,21.63641453831044
2016,S2,5+,20.056199999999997
2016,S3,1,8.961849462365581
2016,S3,2,16.376449912126525
2016,S3,3 & 4,22.697839335180056
2016,S3,5+,21.386071428571434
2016,U1,1,8.622282608695652
2016,U1,2,16.735472358292515
2016,U1,3 & 4,23.84800433839482
2016,U1,5+,20.45606060606062
2016,U2,1,8.65751091703057
2016,U2,2,17.16663892445581
2016,U2,3 & 4,23.687482837528606
2016,U2,5+,22.076052631578943
2016,U3,1,10.64217484008529
2016,U3,2,18.198020186335395
2016,U3,3 & 4,23.75385231825983
2016,U3,5+,18.570429447852753
2016,US,3 & 4,22.5
2016,W,1,7.82
2016,W,2,51.98
2016,W,3 & 4,33.52
2016,W1,1,11.258505025125638
2016,W1,2,17.75453505007151
2016,W1,3 & 4,23.384968152866236
2016,W1,5+,17.801980198019805
2016,W2,1,10.206543209876546
2016,W2,2,17.021684451219528
2016,W2,3 & 4,24.001342756183764
2016,W2,5+,19.73857142857144
2016,W3,1,9.274459459459454
2016,W3,2,17.03283100107641
2016,W3,3 & 4,23.637839622641525
2016,W3,5+,21.948095238095235
2017,99,1,7.571290322580644
2017,99,2,22.753333333333334
2017,99,3 & 4,27.293870967741935
2017,99,5+,4.983333333333333
2017,B1,1,9.83083422459892
2017,B1,2,19.07440077319585
2017,B1,3 & 4,25.252185672514596
2017,B1,5+,19.7239393939394
2017,B2,1,9.71491103202847
2017,B2,2,18.08814901960783
2017,B2,3 & 4,24.37713508612872
2017,B2,5+,17.2575796178344
2017,B3,1,10.454875491480982
2017,B3,2,19.207553107789135
2017,B3,3 & 4,24.860836267605652
2017,B3,5+,20.1248427672956
2017,C1,1,6.404145936981755
2017,C1,2,14.674689119170969
2017,C1,3 & 4,22.03478908188587
2017,C1,5+,18.3728813559322
2017,C2,1,7.659942196531801
2017,C2,2,15.923113772455096
2017,C2,3 & 4,23.277378048780452
2017,C2,5+,23.47
2017,C3,1,6.544693200663352
2017,C3,2,15.873865638766524
2017,C3,3 & 4,22.686121157323697
2017,C3,5+,15.455308641975313
2017,CCD,3 & 4,42.22
2017,CD,3 & 4,22.82
2017,CDD,1,11.513157894736844
2017,CDD,2,10.294
2017,CDD,3 & 4,18.776111111111113
2017,COMM,1,27.52
2017,COMM,3 & 4,19.42
2017,COMM,5+,15.194285714285714
2017,CS,3 & 4,16.45
2017,CTY,2,57.93
2017,CTY,3 & 4,2.13
2017,CTY,5+,5.6
2017,D1,1,6.955046816479402
2017,D1,2,16.872933930571136
2017,D1,3 & 4,23.68193232413178
2017,D1,5+,20.661780821917805
2017,D2,1,7.22111111111111
2017,D2,2,16.126386170906713
2017,D2,3 & 4,23.640279069767427
2017,D2,5+,20.33171641791046
2017,D3,1,8.017114942528739
2017,D3,2,17.86659016393445
2017,D3,3 & 4,24.237847341337897
2017,D3,5+,19.30836065573771
2017,DET,2,17.98
2017,DS,3 & 4,5.85
2017,E,1,15.6
2017,E,2,34.330000000000005
2017,E,3 & 4,30.13333333333333
2017,E1,1,5.649895337773553
2017,E1,2,14.775499084249057
2017,E1,3 & 4,20.308774113254522
2017,E1,5+,20.476794871794866
2017,E2,1,4.092688984881207
2017,E2,2,11.979523542600885
2017,E2,3 & 4,19.086959152798762
2017,E2,5+,20.850408163265307
2017,E3,1,6.317552816901408
2017,E3,2,14.459197324414728
2017,E3,3 & 4,21.484932203389818
2017,E3,5+,19.859479166666656
2017,EP,2,26.34
2017,EP,3 & 4,59.38
2017,ES,2,36.504999999999995
2017,F1,1,8.070216400911157
2017,F1,2,16.060074074074077
2017,F1,3 & 4,23.149058614564822
2017,F1,5+,16.26293103448276
2017,F2,1,7.266234256926956
2017,F2,2,14.164438356164359
2017,F2,3 & 4,20.791795121951214
2017,F2,5+,16.674137931034473
2017,F3,1,9.058184679958032
2017,F3,2,16.82727986050566
2017,F3,3 & 4,22.47136597938143
2017,F3,5+,18.42702127659574
2017,G1,1,6.369288025889973
2017,G1,2,14.52694714131609
2017,G1,3 & 4,21.101823599523247
2017,G1,5+,18.859777777777772
2017,G2,1,6.398787499999993
2017,G2,2,15.697889502762443
2017,G2,3 & 4,21.055013927576617
2017,G2,5+,20.87108108108108
2017,G3,1,7.616149425287351
2017,G3,2,16.588248315688162
2017,G3,3 & 4,21.61993880048959
2017,G3,5+,20.009791666666658
2017,HS,2,18.045
2017,INV,1,2.975
2017,INV,2,18.995
2017,INV,3 & 4,15.08
2017,J1,1,9.277531486146103
2017,J1,2,19.823944636678213
2017,J1,3 & 4,25.17074441687344
2017,J1,5+,22.93173333333333
2017,J2,1,10.417750000000005
2017,J2,2,19.157575757575753
2017,J2,3 & 4,25.92989595375722
2017,J2,5+,22.274456521739125
2017,J3,1,9.057115097159944
2017,J3,2,18.556100178890876
2017,J3,3 & 4,26.711746203904568
2017,J3,5+,21.025109489051093
2017,K1,1,6.737853560682038
2017,K1,2,16.327581475128657
2017,K1,3 & 4,22.201540755467146
2017,K1,5+,20.598543689320394
2017,K2,1,6.89580431177446
2017,K2,2,16.63991624790619
2017,K2,3 & 4,20.87377049180328
2017,K2,5+,21.309358974358968
2017,K3,1,6.623116970926301
2017,K3,2,16.728850764778862
2017,K3,3 & 4,18.719637583892606
2017,K3,5+,17.72266666666667
2017,L1,1,8.675219560878242
2017,L1,2,16.415136887608075
2017,L1,3 & 4,22.32737133808395
2017,L1,5+,21.383580246913578
2017,L2,1,7.980926829268302
2017,L2,2,17.73836972343527
2017,L2,3 & 4,22.674228367529
2017,L2,5+,19.33715447154471
2017,L3,1,9.09852340936374
2017,L3,2,17.453113496932477
2017,L3,3 & 4,22.457477558348295
2017,L3,5+,19.125975609756104
2017,M1,1,6.900298136645962
2017,M1,2,16.588729323308293
2017,M1,3 & 4,22.684485373781136
2017,M1,5+,22.6872514619883
2017,M2,1,6.115431145431146
2017,M2,2,15.807328519855595
2017,M2,3 & 4,22.01547563805104
2017,M2,5+,18.324854368932037
2017,M3,1,6.419368308351181
2017,M3,2,15.423336663336656
2017,M3,3 & 4,20.776218020022245
2017,M3,5+,19.660804597701148
2017,N,1,3.765
2017,N,3 & 4,32.12
2017,N1,1,9.61099300699301
2017,N1,2,18.359544950055483
2017,N1,3 & 4,24.739393548387095
2017,N1,5+,19.94599999999999
2017,N2,1,8.204983388704319
2017,N2,2,17.4050859106529
2017,N2,3 & 4,23.238387423935112
2017,N2,5+,20.617536231884067
2017,N3,1,6.790091157702828
2017,N3,2,17.408418972332015
2017,N3,3 & 4,23.672553802008636
2017,N3,5+,20.53201923076924
2017,O1,1,7.550016103059579
2017,O1,2,15.485027322404383
2017,O1,3 & 4,20.681305925030223
2017,O1,5+,23.279540229885054
2017,O2,1,8.078735177865614
2017,O2,2,15.127378318584059
2017,O2,3 & 4,22.183611764705876
2017,O2,5+,18.80634615384615
2017,O3,1,7.975159362549799
2017,O3,2,15.903376470588245
2017,O3,3 & 4,24.002608125819155
2017,O3,5+,20.144210526315796
2017,Q1,1,10.391121794871799
2017,Q1,2,18.543277711561384
2017,Q1,3 & 4,25.16108287292818
2017,Q1,5+,20.878333333333334
2017,Q2,1,8.60572509457755
2017,Q2,2,18.733690987124465
2017,Q2,3 & 4,25.529569561875487
2017,Q2,5+,20.098455882352944
2017,Q3,1,7.406996161228408
2017,Q3,2,17.114037634408604
2017,Q3,3 & 4,23.84763716166786
2017,Q3,5+,20.75308139534884
2017,R1,1,8.300785169029437
2017,R1,2,17.074721115537848
2017,R1,3 & 4,23.03194105691058
2017,R1,5+,21.93118421052631
2017,R2,1,8.065939278937389
2017,R2,2,15.990334426229516
2017,R2,3 & 4,22.635414012738867
2017,R2,5+,21.29560975609755
2017,R3,1,8.405650602409626
2017,R3,2,16.3985014137606
2017,R3,3 & 4,23.395202639019804
2017,R3,5+,20.194090909090903
2017,S,1,8.08
2017,S,2,35.466
2017,S,3 & 4,33.28
2017,S1,1,7.292660098522164
2017,S1,2,15.180457079152742
2017,S1,3 & 4,22.82108988764044
2017,S1,5+,24.025555555555563
2017,S2,1,7.357061704211559
2017,S2,2,15.190913705583743
2017,S2,3 & 4,21.624567901234528
2017,S2,5+,16.284000000000006
2017,S3,1,9.27208133971292
2017,S3,2,17.498540076335896
2017,S3,3 & 4,24.202324805339252
2017,S3,5+,26.083088235294127
2017,SD,1,25.03
2017,SPVDD,1,5.293333333333333
2017,SPVDD,2,49.3
2017,U1,1,8.238590956887487
2017,U1,2,17.717682767624037
2017,U1,3 & 4,23.62944106253456
2017,U1,5+,19.523823529411768
2017,U2,1,8.803956611570245
2017,U2,2,17.332814302191426
2017,U2,3 & 4,24.27479686386313
2017,U2,5+,22.024406779661014
2017,U3,1,10.902073459715655
2017,U3,2,19.20166666666665
2017,U3,3 & 4,23.794089979550108
2017,U3,5+,20.150287769784164
2017,W,2,24.28
2017,W,3 & 4,43.22
2017,W1,1,10.880859835100116
2017,W1,2,18.190436337625172
2017,W1,3 & 4,24.743956127080164
2017,W1,5+,18.958921568627453
2017,W2,1,8.86002325581396
2017,W2,2,16.50820689655171
2017,W2,3 & 4,24.025872459705674
2017,W2,5+,19.179553571428567
2017,W3,1,9.337696629213482
2017,W3,2,16.742682379349052
2017,W3,3 & 4,24.102793979303854
2017,W3,5+,19.602073170731703
2018,99,1,6.972758620689655
2018,99,2,22.1235294117647
2018,99,3 & 4,25.424054054054057
2018,B1,1,10.907310565635
2018,B1,2,21.14986796386378
2018,B1,3 & 4,26.723829588014972
2018,B1,5+,21.271157894736838
2018,B2,1,10.261206030150761
2018,B2,2,21.980942562592066
2018,B2,3 & 4,27.598801498127315
2018,B2,5+,20.36882352941177
2018,B3,1,11.168431372549012
2018,B3,2,21.537500000000005
2018,B3,3 & 4,26.551513982642224
2018,B3,5+,22.674218749999994
2018,C1,1,6.475202593192866
2018,C1,2,14.95724050632913
2018,C1,3 & 4,23.246397248495267
2018,C1,5+,20.72763636363636
2018,C2,1,8.402192307692303
2018,C2,2,17.032977941176465
2018,C2,3 & 4,24.48176267281102
2018,C2,5+,28.07745098039216
2018,C3,1,6.606278195488719
2018,C3,2,16.691514500537036
2018,C3,3 & 4,23.73774900398406
2018,C3,5+,23.568421052631578
2018,CCD,2,5.37
2018,COMM,1,13.38375
2018,COMM,2,14.766666666666671
2018,COMM,3 & 4,12.657058823529413
2018,COMM,5+,26.814545454545456
2018,CS,2,39.489999999999995
2018,CTY,1,12.47
2018,CTY,2,30.7
2018,CTY,3 & 4,45.77
2018,CTY,5+,1.905
2018,D1,1,6.579026915113868
2018,D1,2,16.965935521013257
2018,D1,3 & 4,23.12707803992742
2018,D1,5+,22.037173913043485
2018,D2,1,7.283547619047614
2018,D2,2,16.432122395833332
2018,D2,3 & 4,23.233560673162113
2018,D2,5+,20.140107526881717
2018,D3,1,8.002230769230769
2018,D3,2,17.72643209007742
2018,D3,3 & 4,24.926120033812296
2018,D3,5+,24.40771739130435
2018,DSPVD,1,1.25
2018,E,1,9.985
2018,E,2,21.42833333333333
2018,E1,1,5.568528138528135
2018,E1,2,15.050179934569234
2018,E1,3 & 4,22.02530717986677
2018,E1,5+,19.08628571428572
2018,E2,1,4.3087445414847165
2018,E2,2,12.198765206812658
2018,E2,3 & 4,19.04734775641022
2018,E2,5+,23.023229166666656
2018,E3,1,6.310483996877436
2018,E3,2,14.328405620036651
2018,E3,3 & 4,20.852906403940896
2018,E3,5+,23.45661290322581
2018,EP,2,16.95
2018,ES,2,2.45
2018,F1,1,7.957082833133249
2018,F1,2,16.535559183673435
2018,F1,3 & 4,21.680206648697204
2018,F1,5+,27.66692307692307
2018,F2,1,6.973152173913047
2018,F2,2,15.454662327095189
2018,F2,3 & 4,22.388550046772657
2018,F2,5+,22.379393939393943
2018,F3,1,8.893822562979196
2018,F3,2,16.264537205081663
2018,F3,3 & 4,24.088966725043807
2018,F3,5+,24.551052631578944
2018,G1,1,6.452206790123459
2018,G1,2,15.174833153928967
2018,G1,3 & 4,20.915578406169658
2018,G1,5+,19.490588235294116
2018,G2,1,6.326837725381412
2018,G2,2,15.481196834817021
2018,G2,3 & 4,21.169587020648965
2018,G2,5+,21.168695652173906
2018,G3,1,8.199711684370273
2018,G3,2,16.890087183958137
2018,G3,3 & 4,22.945848161328588
2018,G3,5+,24.550749999999994
2018,HS,1,24.33
2018,INV,1,7.3999999999999995
2018,INV,2,27.074285714285715
2018,INV,3 & 4,20.345714285714283
2018,J1,1,9.961107828655857
2018,J1,2,20.397466410748564
2018,J1,3 & 4,26.058472222222203
2018,J1,5+,26.375869565217396
2018,J2,1,11.036350806451601
2018,J2,2,21.28194444444445
2018,J2,3 & 4,26.882307692307702
2018,J2,5+,23.01394366197183
2018,J3,1,9.813182461103246
2018,J3,2,20.176339691189806
2018,J3,3 & 4,25.831314553990655
2018,J3,5+,22.49373134328358
2018,K1,1,6.860775780510892
2018,K1,2,17.93318720379147
2018,K1,3 & 4,23.216354625550668
2018,K1,5+,23.901348314606743
2018,K2,1,6.817254725472548
2018,K2,2,17.545801749271153
2018,K2,3 & 4,20.981331096196868
2018,K2,5+,23.92394736842105
2018,K3,1,6.245977074235815
2018,K3,2,17.786255178127583
2018,K3,3 & 4,17.194314442413184
2018,K3,5+,19.297719298245603
2018,L1,1,8.902880978865412
2018,L1,2,17.61564862861381
2018,L1,3 & 4,23.193616268788706
2018,L1,5+,25.215333333333334
2018,L2,1,8.088833124215794
2018,L2,2,18.589688000000006
2018,L2,3 & 4,24.290622009569383
2018,L2,5+,23.41072289156627
2018,L3,1,9.201096997690536
2018,L3,2,18.075359477124188
2018,L3,3 & 4,24.39544217687073
2018,L3,5+,21.846739130434784
2018,M1,1,6.995904109589036
2018,M1,2,17.326176056338056
2018,M1,3 & 4,22.007007952286255
2018,M1,5+,23.6941935483871
2018,M2,1,5.73113378684807
2018,M2,2,16.9614084507042
2018,M2,3 & 4,23.08279761904761
2018,M2,5+,20.583837209302338
2018,M3,1,6.137297297297302
2018,M3,2,16.83180947012402
2018,M3,3 & 4,20.144730290456444
2018,M3,5+,22.61898734177215
2018,N,1,21.9
2018,N,2,24.8675
2018,N,3 & 4,17.067500000000003
2018,N1,1,10.34114925373135
2018,N1,2,19.89494325346786
2018,N1,3 & 4,26.25026022304836
2018,N1,5+,22.728048780487807
2018,N2,1,8.659390804597704
2018,N2,2,18.36770049680626
2018,N2,3 & 4,24.643198294243053
2018,N2,5+,27.597826086956516
2018,N3,1,6.925062866722553
2018,N3,2,18.33548768472909
2018,N3,3 & 4,23.801274362818585
2018,N3,5+,23.556111111111107
2018,ND,2,17.32
2018,O1,1,7.364181523500816
2018,O1,2,16.35684908789385
2018,O1,3 & 4,22.769951040391692
2018,O1,5+,23.551153846153852
2018,O2,1,7.093226452905814
2018,O2,2,15.013425925925942
2018,O2,3 & 4,22.307334851936247
2018,O2,5+,21.535625
2018,O3,1,8.045448979591837
2018,O3,2,16.773959810874686
2018,O3,3 & 4,22.677758405977546
2018,O3,5+,20.771666666666672
2018,ODD,1,5.42
2018,OS,2,26.55
2018,Q1,1,10.695724020442915
2018,Q1,2,20.676832214765103
2018,Q1,3 & 4,27.085833333333326
2018,Q1,5+,21.429999999999993
2018,Q2,1,9.099575923392617
2018,Q2,2,19.359274924471286
2018,Q2,3 & 4,25.798003992015943
2018,Q2,5+,21.995222222222225
2018,Q3,1,7.662295597484285
2018,Q3,2,18.018195625759407
2018,Q3,3 & 4,24.593909909909915
2018,Q3,5+,23.94807692307691
2018,R1,1,8.979477866061288
2018,R1,2,18.483275675675674
2018,R1,3 & 4,24.91741163055873
2018,R1,5+,25.373725490196087
2018,R2,1,8.78907542579076
2018,R2,2,18.003060211049014
2018,R2,3 & 4,23.28245437956203
2018,R2,5+,22.992459016393447
2018,R3,1,8.452332015810287
2018,R3,2,18.36171270718233
2018,R3,3 & 4,25.12965401785714
2018,R3,5+,24.463770491803288
2018,S,1,11.9
2018,S,2,40.025
2018,S,3 & 4,37.3275
2018,S1,1,7.740859788359789
2018,S1,2,16.796307106598995
2018,S1,3 & 4,22.94726591760299
2018,S1,5+,21.59125
2018,S2,1,7.561800219538964
2018,S2,2,16.7563481228669
2018,S2,3 & 4,23.40749063670411
2018,S2,5+,17.250540540540545
2018,S3,1,9.661878048780487
2018,S3,2,18.214255111976627
2018,S3,3 & 4,25.9534131736527
2018,S3,5+,21.67837209302326
2018,SP,2,7.25
2018,SPVD,3 & 4,11.35
2018,SPVDD,1,13.77357142857143
2018,SPVDD,2,15.511666666666668
2018,SPVDD,3 & 4,20.092857142857145
2018,T,5+,26.37
2018,U1,1,9.024911734164075
2018,U1,2,19.065355908776773
2018,U1,3 & 4,24.72885496183207
2018,U1,5+,21.263720930232555
2018,U2,1,9.070417940876649
2018,U2,2,18.474863964464223
2018,U2,3 & 4,24.251785400175915
2018,U2,5+,20.08146341463415
2018,U3,1,10.687712895377137
2018,U3,2,20.7560763606824
2018,U3,3 & 4,24.94177466863037
2018,U3,5+,22.453012048192775
2018,W,1,11.425
2018,W,2,20.5825
2018,W,3 & 4,46.35
2018,W1,1,10.129518855656698
2018,W1,2,18.35817411402157
2018,W1,3 & 4,24.193281493001546
2018,W1,5+,21.938625
2018,W2,1,8.537171215880894
2018,W2,2,16.44036135693217
2018,W2,3 & 4,23.312336814621442
2018,W2,5+,26.10051948051948
2018,W3,1,8.266754530477762
2018,W3,2,17.644802955665014
2018,W3,3 & 4,24.084003795066472
2018,W3,5+,22.68322033898305
2018,WS,1,5.62
2019,99,1,11.162592592592592
2019,99,2,18.64510204081633
2019,99,3 & 4,25.88771428571428
2019,99,5+,2.2
2019,B1,1,11.320477941176472
2019,B1,2,22.60599706744871
2019,B1,3 & 4,27.045271411338955
2019,B1,5+,18.632631578947368
2019,B2,1,10.578349928876245
2019,B2,2,22.077697160883268
2019,B2,3 & 4,26.09903023983315
2019,B2,5+,21.357666666666674
2019,B3,1,11.107725856697831
2019,B3,2,22.135742358078616
2019,B3,3 & 4,26.262937158469914
2019,B3,5+,20.71393617021277
2019,C1,1,6.625139664804463
2019,C1,2,16.47820559062219
2019,C1,3 & 4,24.297008343265784
2019,C1,5+,21.992033898305085
2019,C2,1,7.934430379746838
2019,C2,2,18.307365591397843
2019,C2,3 & 4,25.09475336322872
2019,C2,5+,21.186363636363637
2019,C3,1,7.325863636363638
2019,C3,2,16.531750663129987
2019,C3,3 & 4,22.586132315521603
2019,C3,5+,17.218749999999996
2019,COMM,1,7.631764705882352
2019,COMM,2,15.126666666666667
2019,COMM,3 & 4,18.1588
2019,COMM,5+,18.33818181818182
2019,CS,2,40.4
2019,CS,3 & 4,17.03
2019,CTY,1,14.73
2019,CTY,2,16.315
2019,CTY,3 & 4,28.963333333333335
2019,CTY,5+,3.38
2019,D1,1,6.479687499999998
2019,D1,2,17.338644578313247
2019,D1,3 & 4,22.645350649350643
2019,D1,5+,22.147000000000006
2019,D2,1,7.035345821325644
2019,D2,2,16.95022662889521
2019,D2,3 & 4,22.696008771929797
2019,D2,5+,24.428831168831163
2019,D3,1,8.067591145833328
2019,D3,2,18.42638572513291
2019,D3,3 & 4,23.358013937282205
2019,D3,5+,20.035227272727273
2019,DCC,5+,31.47
2019,E,2,10.77
2019,E,3 & 4,27.14
2019,E1,1,5.960136239782016
2019,E1,2,16.43543080939949
2019,E1,3 & 4,22.327523564695802
2019,E1,5+,19.92907407407407
2019,E2,1,4.210782747603836
2019,E2,2,13.404700598802378
2019,E2,3 & 4,20.314467425025846
2019,E2,5+,21.354137931034476
2019,E3,1,6.204610328638502
2019,E3,2,16.38704026845638
2019,E3,3 & 4,21.73169540229888
2019,E3,5+,17.731666666666673
2019,EP,2,37.415
2019,ES,3 & 4,38.93
2019,F1,1,7.124100946372243
2019,F1,2,16.033241616509027
2019,F1,3 & 4,22.34658031088082
2019,F1,5+,15.510566037735845
2019,F2,1,6.222960526315788
2019,F2,2,14.128549270072982
2019,F2,3 & 4,20.130056689342407
2019,F2,5+,13.901590909090908
2019,F3,1,8.21406203840473
2019,F3,2,16.650751503006013
2019,F3,3 & 4,23.110773420479333
2019,F3,5+,23.049736842105265
2019,G1,1,6.543985714285711
2019,G1,2,16.705237592397022
2019,G1,3 & 4,21.182154761904766
2019,G1,5+,21.99652173913043
2019,G2,1,6.764226475279106
2019,G2,2,16.170419235511723
2019,G2,3 & 4,23.272033426183864
2019,G2,5+,18.264107142857142
2019,G3,1,8.173283582089555
2019,G3,2,17.21529885057472
2019,G3,3 & 4,23.491437802907917
2019,G3,5+,19.362972972972972
2019,GS,2,40.1
2019,HS,3 & 4,19.18
2019,INV,1,7.8775
2019,INV,2,12.29
2019,INV,3 & 4,32.39
2019,J1,1,10.68756972111554
2019,J1,2,20.911488314883183
2019,J1,3 & 4,26.62420577617329
2019,J1,5+,18.677543859649123
2019,J2,1,10.12638655462186
2019,J2,2,21.020690954773873
2019,J2,3 & 4,27.07336322869954
2019,J2,5+,21.69821428571429
2019,J3,1,8.47142599277978
2019,J3,2,19.772803180914522
2019,J3,3 & 4,26.168259668508263
2019,J3,5+,20.287674418604652
2019,K1,1,6.203688029020548
2019,K1,2,16.660818053596643
2019,K1,3 & 4,21.78621785173979
2019,K1,5+,22.30037974683544
2019,K2,1,6.397692307692302
2019,K2,2,17.89213213213212
2019,K2,3 & 4,20.914710485133035
2019,K2,5+,21.461639344262295
2019,K3,1,6.159344978165933
2019,K3,2,18.301609730848853
2019,K3,3 & 4,19.02940354147252
2019,K3,5+,20.635405405405397
2019,L1,1,8.8729599056604
2019,L1,2,18.435027272727282
2019,L1,3 & 4,23.63436263736261
2019,L1,5+,20.436538461538458
2019,L2,1,8.109787581699345
2019,L2,2,17.59387511478421
2019,L2,3 & 4,23.44230035756853
2019,L2,5+,22.00151162790698
2019,L3,1,9.460204359673021
2019,L3,2,18.51862510674637
2019,L3,3 & 4,22.863486547085216
2019,L3,5+,18.212115384615384
2019,LS,3 & 4,37.92
2019,M1,1,6.113408071748878
2019,M1,2,16.42411886662058
2019,M1,3 & 4,22.413684950773572
2019,M1,5+,20.991411764705887
2019,M2,1,5.183787661406023
2019,M2,2,16.079918367346927
2019,M2,3 & 4,21.613220064724924
2019,M2,5+,19.695217391304347
2019,M3,1,5.479221476510063
2019,M3,2,16.211550910316923
2019,M3,3 & 4,21.27399061032866
2019,M3,5+,21.80107142857142
2019,MS,1,7.45
2019,N,1,10.47
2019,N,2,22.409999999999997
2019,N,3 & 4,3.3
2019,N1,1,10.119148936170216
2019,N1,2,19.279025787965615
2019,N1,3 & 4,26.912287334593575
2019,N1,5+,22.58647058823529
2019,N2,1,8.66586028460543
2019,N2,2,18.615586890243897
2019,N2,3 & 4,24.576886075949364
2019,N2,5+,20.19177419354839
2019,N3,1,7.103045634920641
2019,N3,2,18.18967455621301
2019,N3,3 & 4,25.282898252826335
2019,N3,5+,22.92579710144927
2019,NP,2,25.37
2019,NP,3 & 4,30.32
2019,NS,2,24.02
2019,O1,1,6.5704859813084155
2019,O1,2,14.232752707581223
2019,O1,3 & 4,19.992356115107935
2019,O1,5+,14.505438596491222
2019,O2,1,6.793605870020968
2019,O2,2,15.136475716064755
2019,O2,3 & 4,21.494852507374627
2019,O2,5+,25.801599999999997
2019,O3,1,7.522903225806449
2019,O3,2,16.036776947705444
2019,O3,3 & 4,23.514033613445378
2019,O3,5+,20.72380952380952
2019,Q1,1,9.89779914529914
2019,Q1,2,19.071054172767205
2019,Q1,3 & 4,24.502591036414554
2019,Q1,5+,22.717796610169493
2019,Q2,1,9.167006472491924
2019,Q2,2,18.833416746871986
2019,Q2,3 & 4,25.068640552995394
2019,Q2,5+,22.423908045977
2019,Q3,1,7.689154362416103
2019,Q3,2,17.50387040280208
2019,Q3,3 & 4,22.951564027370473
2019,Q3,5+,18.395309734513276
2019,R1,1,9.100249343832019
2019,R1,2,19.494175588865104
2019,R1,3 & 4,25.317476635514016
2019,R1,5+,21.82351851851852
2019,R2,1,9.160523938572718
2019,R2,2,18.25487753673897
2019,R2,3 & 4,23.98431372549018
2019,R2,5+,21.158787878787887
2019,R3,1,9.703181818181818
2019,R3,2,18.877754569190603
2019,R3,3 & 4,24.11593659942364
2019,R3,5+,20.408730158730155
2019,S,2,21.49
2019,S,3 & 4,13.95
2019,S1,1,7.496053067993369
2019,S1,2,16.156561679790027
2019,S1,3 & 4,23.706317321688523
2019,S1,5+,24.018
2019,S2,1,7.214175824175827
2019,S2,2,16.81867141162516
2019,S2,3 & 4,23.260304635761614
2019,S2,5+,24.506666666666668
2019,S3,1,8.765536809815945
2019,S3,2,18.65360759493674
2019,S3,3 & 4,24.299103448275844
2019,S3,5+,15.013529411764702
2019,SPVD,3 & 4,6.63
2019,SPVDD,1,14.914285714285711
2019,SPVDD,2,13.86375
2019,SPVDD,3 & 4,8.33
2019,SPVDD,5+,30.6
2019,SS,2,53.2
2019,SWT,3 & 4,2.22
2019,TAC2,5+,14.362
2019,U1,1,8.938138238573023
2019,U1,2,19.437322557976124
2019,U1,3 & 4,24.308426601784262
2019,U1,5+,21.497387387387388
2019,U2,1,8.916707441386336
2019,U2,2,19.023314543404776
2019,U2,3 & 4,24.785806805708024
2019,U2,5+,25.72746987951807
2019,U3,1,11.819219178082188
2019,U3,2,20.854703517587964
2019,U3,3 & 4,25.133508928571434
2019,U3,5+,19.166
2019,US,3 & 4,19.45
2019,W,2,57.83
2019,W,3 & 4,10.98
2019,W,5+,4.13
2019,W1,1,9.7668908819133
2019,W1,2,17.10845762711864
2019,W1,3 & 4,22.789655891553693
2019,W1,5+,19.53
2019,W2,1,7.915604249667993
2019,W2,2,17.06112206216831
2019,W2,3 & 4,23.45383252818034
2019,W2,5+,22.441428571428567
2019,W3,1,8.380162748643766
2019,W3,2,17.03659171597634
2019,W3,3 & 4,23.949233370913177
2019,W3,5+,16.030400000000004
2019,WS,3 & 4,12.15
